The system is: Linux - 5.15.61-v8+ - aarch64
Compiling the C compiler identification source file "CMakeCCompilerId.c" succeeded.
Compiler: /usr/bin/cc 
Build flags: 
Id flags:  

The output was:
0


Compilation of the C compiler identification source "CMakeCCompilerId.c" produced "a.out"

The C compiler identification is GNU, found in "/home/pi/Workspace/BlockChain/3rdParty/leveldb-1.22/CMakeFiles/3.18.4/CompilerIdC/a.out"

Compiling the CXX compiler identification source file "CMakeCXXCompilerId.cpp" succeeded.
Compiler: /usr/bin/c++ 
Build flags: 
Id flags:  

The output was:
0


Compilation of the CXX compiler identification source "CMakeCXXCompilerId.cpp" produced "a.out"

The CXX compiler identification is GNU, found in "/home/pi/Workspace/BlockChain/3rdParty/leveldb-1.22/CMakeFiles/3.18.4/CompilerIdCXX/a.out"

Detecting C compiler ABI info compiled with the following output:
Change Dir: /home/pi/Workspace/BlockChain/3rdParty/leveldb-1.22/CMakeFiles/CMakeTmp

Run Build Command(s):/usr/bin/gmake cmTC_29105/fast && /usr/bin/gmake  -f CMakeFiles/cmTC_29105.dir/build.make CMakeFiles/cmTC_29105.dir/build
gmake[1]: Entering directory '/home/pi/Workspace/BlockChain/3rdParty/leveldb-1.22/CMakeFiles/CMakeTmp'
Building C object CMakeFiles/cmTC_29105.dir/CMakeCCompilerABI.c.o
/usr/bin/cc   -v -o CMakeFiles/cmTC_29105.dir/CMakeCCompilerABI.c.o -c /usr/share/cmake-3.18/Modules/CMakeCCompilerABI.c
Using built-in specs.
COLLECT_GCC=/usr/bin/cc
Target: aarch64-linux-gnu
Configured with: ../src/configure -v --with-pkgversion='Debian 10.2.1-6' --with-bugurl=file:///usr/share/doc/gcc-10/README.Bugs --enable-languages=c,ada,c++,go,d,fortran,objc,obj-c++,m2 --prefix=/usr --with-gcc-major-version-only --program-suffix=-10 --program-prefix=aarch64-linux-gnu- --enable-shared --enable-linker-build-id --libexecdir=/usr/lib --without-included-gettext --enable-threads=posix --libdir=/usr/lib --enable-nls --enable-bootstrap --enable-clocale=gnu --enable-libstdcxx-debug --enable-libstdcxx-time=yes --with-default-libstdcxx-abi=new --enable-gnu-unique-object --disable-libquadmath --disable-libquadmath-support --enable-plugin --enable-default-pie --with-system-zlib --enable-libphobos-checking=release --with-target-system-zlib=auto --enable-objc-gc=auto --enable-multiarch --enable-fix-cortex-a53-843419 --disable-werror --enable-checking=release --build=aarch64-linux-gnu --host=aarch64-linux-gnu --target=aarch64-linux-gnu --with-build-config=bootstrap-lto-lean --enable-link-mutex
Thread model: posix
Supported LTO compression algorithms: zlib zstd
gcc version 10.2.1 20210110 (Debian 10.2.1-6) 
COLLECT_GCC_OPTIONS='-v' '-o' 'CMakeFiles/cmTC_29105.dir/CMakeCCompilerABI.c.o' '-c' '-mlittle-endian' '-mabi=lp64'
 /usr/lib/gcc/aarch64-linux-gnu/10/cc1 -quiet -v -imultiarch aarch64-linux-gnu /usr/share/cmake-3.18/Modules/CMakeCCompilerABI.c -quiet -dumpbase CMakeCCompilerABI.c -mlittle-endian -mabi=lp64 -auxbase-strip CMakeFiles/cmTC_29105.dir/CMakeCCompilerABI.c.o -version -fasynchronous-unwind-tables -o /tmp/ccC3tgaG.s
GNU C17 (Debian 10.2.1-6) version 10.2.1 20210110 (aarch64-linux-gnu)
	compiled by GNU C version 10.2.1 20210110, GMP version 6.2.1, MPFR version 4.1.0, MPC version 1.2.0, isl version isl-0.23-GMP

GGC heuristics: --param ggc-min-expand=100 --param ggc-min-heapsize=131072
ignoring nonexistent directory "/usr/local/include/aarch64-linux-gnu"
ignoring nonexistent directory "/usr/lib/gcc/aarch64-linux-gnu/10/include-fixed"
ignoring nonexistent directory "/usr/lib/gcc/aarch64-linux-gnu/10/../../../../aarch64-linux-gnu/include"
#include "..." search starts here:
#include <...> search starts here:
 /usr/lib/gcc/aarch64-linux-gnu/10/include
 /usr/local/include
 /usr/include/aarch64-linux-gnu
 /usr/include
End of search list.
GNU C17 (Debian 10.2.1-6) version 10.2.1 20210110 (aarch64-linux-gnu)
	compiled by GNU C version 10.2.1 20210110, GMP version 6.2.1, MPFR version 4.1.0, MPC version 1.2.0, isl version isl-0.23-GMP

GGC heuristics: --param ggc-min-expand=100 --param ggc-min-heapsize=131072
Compiler executable checksum: 09f7dee817ee0ac81dbfe2e711a5f862
COLLECT_GCC_OPTIONS='-v' '-o' 'CMakeFiles/cmTC_29105.dir/CMakeCCompilerABI.c.o' '-c' '-mlittle-endian' '-mabi=lp64'
 as -v -EL -mabi=lp64 -o CMakeFiles/cmTC_29105.dir/CMakeCCompilerABI.c.o /tmp/ccC3tgaG.s
GNU assembler version 2.35.2 (aarch64-linux-gnu) using BFD version (GNU Binutils for Debian) 2.35.2
COMPILER_PATH=/usr/lib/gcc/aarch64-linux-gnu/10/:/usr/lib/gcc/aarch64-linux-gnu/10/:/usr/lib/gcc/aarch64-linux-gnu/:/usr/lib/gcc/aarch64-linux-gnu/10/:/usr/lib/gcc/aarch64-linux-gnu/
LIBRARY_PATH=/usr/lib/gcc/aarch64-linux-gnu/10/:/usr/lib/gcc/aarch64-linux-gnu/10/../../../aarch64-linux-gnu/:/usr/lib/gcc/aarch64-linux-gnu/10/../../../../lib/:/lib/aarch64-linux-gnu/:/lib/../lib/:/usr/lib/aarch64-linux-gnu/:/usr/lib/../lib/:/usr/lib/gcc/aarch64-linux-gnu/10/../../../:/lib/:/usr/lib/
COLLECT_GCC_OPTIONS='-v' '-o' 'CMakeFiles/cmTC_29105.dir/CMakeCCompilerABI.c.o' '-c' '-mlittle-endian' '-mabi=lp64'
Linking C executable cmTC_29105
/usr/bin/cmake -E cmake_link_script CMakeFiles/cmTC_29105.dir/link.txt --verbose=1
/usr/bin/cc  -v CMakeFiles/cmTC_29105.dir/CMakeCCompilerABI.c.o -o cmTC_29105 
Using built-in specs.
COLLECT_GCC=/usr/bin/cc
COLLECT_LTO_WRAPPER=/usr/lib/gcc/aarch64-linux-gnu/10/lto-wrapper
Target: aarch64-linux-gnu
Configured with: ../src/configure -v --with-pkgversion='Debian 10.2.1-6' --with-bugurl=file:///usr/share/doc/gcc-10/README.Bugs --enable-languages=c,ada,c++,go,d,fortran,objc,obj-c++,m2 --prefix=/usr --with-gcc-major-version-only --program-suffix=-10 --program-prefix=aarch64-linux-gnu- --enable-shared --enable-linker-build-id --libexecdir=/usr/lib --without-included-gettext --enable-threads=posix --libdir=/usr/lib --enable-nls --enable-bootstrap --enable-clocale=gnu --enable-libstdcxx-debug --enable-libstdcxx-time=yes --with-default-libstdcxx-abi=new --enable-gnu-unique-object --disable-libquadmath --disable-libquadmath-support --enable-plugin --enable-default-pie --with-system-zlib --enable-libphobos-checking=release --with-target-system-zlib=auto --enable-objc-gc=auto --enable-multiarch --enable-fix-cortex-a53-843419 --disable-werror --enable-checking=release --build=aarch64-linux-gnu --host=aarch64-linux-gnu --target=aarch64-linux-gnu --with-build-config=bootstrap-lto-lean --enable-link-mutex
Thread model: posix
Supported LTO compression algorithms: zlib zstd
gcc version 10.2.1 20210110 (Debian 10.2.1-6) 
COMPILER_PATH=/usr/lib/gcc/aarch64-linux-gnu/10/:/usr/lib/gcc/aarch64-linux-gnu/10/:/usr/lib/gcc/aarch64-linux-gnu/:/usr/lib/gcc/aarch64-linux-gnu/10/:/usr/lib/gcc/aarch64-linux-gnu/
LIBRARY_PATH=/usr/lib/gcc/aarch64-linux-gnu/10/:/usr/lib/gcc/aarch64-linux-gnu/10/../../../aarch64-linux-gnu/:/usr/lib/gcc/aarch64-linux-gnu/10/../../../../lib/:/lib/aarch64-linux-gnu/:/lib/../lib/:/usr/lib/aarch64-linux-gnu/:/usr/lib/../lib/:/usr/lib/gcc/aarch64-linux-gnu/10/../../../:/lib/:/usr/lib/
COLLECT_GCC_OPTIONS='-v' '-o' 'cmTC_29105' '-mlittle-endian' '-mabi=lp64'
 /usr/lib/gcc/aarch64-linux-gnu/10/collect2 -plugin /usr/lib/gcc/aarch64-linux-gnu/10/liblto_plugin.so -plugin-opt=/usr/lib/gcc/aarch64-linux-gnu/10/lto-wrapper -plugin-opt=-fresolution=/tmp/ccCja9H7.res -plugin-opt=-pass-through=-lgcc -plugin-opt=-pass-through=-lgcc_s -plugin-opt=-pass-through=-lc -plugin-opt=-pass-through=-lgcc -plugin-opt=-pass-through=-lgcc_s --build-id --eh-frame-hdr --hash-style=gnu --as-needed -dynamic-linker /lib/ld-linux-aarch64.so.1 -X -EL -maarch64linux --fix-cortex-a53-843419 -pie -o cmTC_29105 /usr/lib/gcc/aarch64-linux-gnu/10/../../../aarch64-linux-gnu/Scrt1.o /usr/lib/gcc/aarch64-linux-gnu/10/../../../aarch64-linux-gnu/crti.o /usr/lib/gcc/aarch64-linux-gnu/10/crtbeginS.o -L/usr/lib/gcc/aarch64-linux-gnu/10 -L/usr/lib/gcc/aarch64-linux-gnu/10/../../../aarch64-linux-gnu -L/usr/lib/gcc/aarch64-linux-gnu/10/../../../../lib -L/lib/aarch64-linux-gnu -L/lib/../lib -L/usr/lib/aarch64-linux-gnu -L/usr/lib/../lib -L/usr/lib/gcc/aarch64-linux-gnu/10/../../.. CMakeFiles/cmTC_29105.dir/CMakeCCompilerABI.c.o -lgcc --push-state --as-needed -lgcc_s --pop-state -lc -lgcc --push-state --as-needed -lgcc_s --pop-state /usr/lib/gcc/aarch64-linux-gnu/10/crtendS.o /usr/lib/gcc/aarch64-linux-gnu/10/../../../aarch64-linux-gnu/crtn.o
COLLECT_GCC_OPTIONS='-v' '-o' 'cmTC_29105' '-mlittle-endian' '-mabi=lp64'
gmake[1]: Leaving directory '/home/pi/Workspace/BlockChain/3rdParty/leveldb-1.22/CMakeFiles/CMakeTmp'



Parsed C implicit include dir info from above output: rv=done
  found start of include info
  found start of implicit include info
    add: [/usr/lib/gcc/aarch64-linux-gnu/10/include]
    add: [/usr/local/include]
    add: [/usr/include/aarch64-linux-gnu]
    add: [/usr/include]
  end of search list found
  collapse include dir [/usr/lib/gcc/aarch64-linux-gnu/10/include] ==> [/usr/lib/gcc/aarch64-linux-gnu/10/include]
  collapse include dir [/usr/local/include] ==> [/usr/local/include]
  collapse include dir [/usr/include/aarch64-linux-gnu] ==> [/usr/include/aarch64-linux-gnu]
  collapse include dir [/usr/include] ==> [/usr/include]
  implicit include dirs: [/usr/lib/gcc/aarch64-linux-gnu/10/include;/usr/local/include;/usr/include/aarch64-linux-gnu;/usr/include]


Parsed C implicit link information from above output:
  link line regex: [^( *|.*[/\])(ld|CMAKE_LINK_STARTFILE-NOTFOUND|([^/\]+-)?ld|collect2)[^/\]*( |$)]
  ignore line: [Change Dir: /home/pi/Workspace/BlockChain/3rdParty/leveldb-1.22/CMakeFiles/CMakeTmp]
  ignore line: []
  ignore line: [Run Build Command(s):/usr/bin/gmake cmTC_29105/fast && /usr/bin/gmake  -f CMakeFiles/cmTC_29105.dir/build.make CMakeFiles/cmTC_29105.dir/build]
  ignore line: [gmake[1]: Entering directory '/home/pi/Workspace/BlockChain/3rdParty/leveldb-1.22/CMakeFiles/CMakeTmp']
  ignore line: [Building C object CMakeFiles/cmTC_29105.dir/CMakeCCompilerABI.c.o]
  ignore line: [/usr/bin/cc   -v -o CMakeFiles/cmTC_29105.dir/CMakeCCompilerABI.c.o -c /usr/share/cmake-3.18/Modules/CMakeCCompilerABI.c]
  ignore line: [Using built-in specs.]
  ignore line: [COLLECT_GCC=/usr/bin/cc]
  ignore line: [Target: aarch64-linux-gnu]
  ignore line: [Configured with: ../src/configure -v --with-pkgversion='Debian 10.2.1-6' --with-bugurl=file:///usr/share/doc/gcc-10/README.Bugs --enable-languages=c ada c++ go d fortran objc obj-c++ m2 --prefix=/usr --with-gcc-major-version-only --program-suffix=-10 --program-prefix=aarch64-linux-gnu- --enable-shared --enable-linker-build-id --libexecdir=/usr/lib --without-included-gettext --enable-threads=posix --libdir=/usr/lib --enable-nls --enable-bootstrap --enable-clocale=gnu --enable-libstdcxx-debug --enable-libstdcxx-time=yes --with-default-libstdcxx-abi=new --enable-gnu-unique-object --disable-libquadmath --disable-libquadmath-support --enable-plugin --enable-default-pie --with-system-zlib --enable-libphobos-checking=release --with-target-system-zlib=auto --enable-objc-gc=auto --enable-multiarch --enable-fix-cortex-a53-843419 --disable-werror --enable-checking=release --build=aarch64-linux-gnu --host=aarch64-linux-gnu --target=aarch64-linux-gnu --with-build-config=bootstrap-lto-lean --enable-link-mutex]
  ignore line: [Thread model: posix]
  ignore line: [Supported LTO compression algorithms: zlib zstd]
  ignore line: [gcc version 10.2.1 20210110 (Debian 10.2.1-6) ]
  ignore line: [COLLECT_GCC_OPTIONS='-v' '-o' 'CMakeFiles/cmTC_29105.dir/CMakeCCompilerABI.c.o' '-c' '-mlittle-endian' '-mabi=lp64']
  ignore line: [ /usr/lib/gcc/aarch64-linux-gnu/10/cc1 -quiet -v -imultiarch aarch64-linux-gnu /usr/share/cmake-3.18/Modules/CMakeCCompilerABI.c -quiet -dumpbase CMakeCCompilerABI.c -mlittle-endian -mabi=lp64 -auxbase-strip CMakeFiles/cmTC_29105.dir/CMakeCCompilerABI.c.o -version -fasynchronous-unwind-tables -o /tmp/ccC3tgaG.s]
  ignore line: [GNU C17 (Debian 10.2.1-6) version 10.2.1 20210110 (aarch64-linux-gnu)]
  ignore line: [	compiled by GNU C version 10.2.1 20210110  GMP version 6.2.1  MPFR version 4.1.0  MPC version 1.2.0  isl version isl-0.23-GMP]
  ignore line: []
  ignore line: [GGC heuristics: --param ggc-min-expand=100 --param ggc-min-heapsize=131072]
  ignore line: [ignoring nonexistent directory "/usr/local/include/aarch64-linux-gnu"]
  ignore line: [ignoring nonexistent directory "/usr/lib/gcc/aarch64-linux-gnu/10/include-fixed"]
  ignore line: [ignoring nonexistent directory "/usr/lib/gcc/aarch64-linux-gnu/10/../../../../aarch64-linux-gnu/include"]
  ignore line: [#include "..." search starts here:]
  ignore line: [#include <...> search starts here:]
  ignore line: [ /usr/lib/gcc/aarch64-linux-gnu/10/include]
  ignore line: [ /usr/local/include]
  ignore line: [ /usr/include/aarch64-linux-gnu]
  ignore line: [ /usr/include]
  ignore line: [End of search list.]
  ignore line: [GNU C17 (Debian 10.2.1-6) version 10.2.1 20210110 (aarch64-linux-gnu)]
  ignore line: [	compiled by GNU C version 10.2.1 20210110  GMP version 6.2.1  MPFR version 4.1.0  MPC version 1.2.0  isl version isl-0.23-GMP]
  ignore line: []
  ignore line: [GGC heuristics: --param ggc-min-expand=100 --param ggc-min-heapsize=131072]
  ignore line: [Compiler executable checksum: 09f7dee817ee0ac81dbfe2e711a5f862]
  ignore line: [COLLECT_GCC_OPTIONS='-v' '-o' 'CMakeFiles/cmTC_29105.dir/CMakeCCompilerABI.c.o' '-c' '-mlittle-endian' '-mabi=lp64']
  ignore line: [ as -v -EL -mabi=lp64 -o CMakeFiles/cmTC_29105.dir/CMakeCCompilerABI.c.o /tmp/ccC3tgaG.s]
  ignore line: [GNU assembler version 2.35.2 (aarch64-linux-gnu) using BFD version (GNU Binutils for Debian) 2.35.2]
  ignore line: [COMPILER_PATH=/usr/lib/gcc/aarch64-linux-gnu/10/:/usr/lib/gcc/aarch64-linux-gnu/10/:/usr/lib/gcc/aarch64-linux-gnu/:/usr/lib/gcc/aarch64-linux-gnu/10/:/usr/lib/gcc/aarch64-linux-gnu/]
  ignore line: [LIBRARY_PATH=/usr/lib/gcc/aarch64-linux-gnu/10/:/usr/lib/gcc/aarch64-linux-gnu/10/../../../aarch64-linux-gnu/:/usr/lib/gcc/aarch64-linux-gnu/10/../../../../lib/:/lib/aarch64-linux-gnu/:/lib/../lib/:/usr/lib/aarch64-linux-gnu/:/usr/lib/../lib/:/usr/lib/gcc/aarch64-linux-gnu/10/../../../:/lib/:/usr/lib/]
  ignore line: [COLLECT_GCC_OPTIONS='-v' '-o' 'CMakeFiles/cmTC_29105.dir/CMakeCCompilerABI.c.o' '-c' '-mlittle-endian' '-mabi=lp64']
  ignore line: [Linking C executable cmTC_29105]
  ignore line: [/usr/bin/cmake -E cmake_link_script CMakeFiles/cmTC_29105.dir/link.txt --verbose=1]
  ignore line: [/usr/bin/cc  -v CMakeFiles/cmTC_29105.dir/CMakeCCompilerABI.c.o -o cmTC_29105 ]
  ignore line: [Using built-in specs.]
  ignore line: [COLLECT_GCC=/usr/bin/cc]
  ignore line: [COLLECT_LTO_WRAPPER=/usr/lib/gcc/aarch64-linux-gnu/10/lto-wrapper]
  ignore line: [Target: aarch64-linux-gnu]
  ignore line: [Configured with: ../src/configure -v --with-pkgversion='Debian 10.2.1-6' --with-bugurl=file:///usr/share/doc/gcc-10/README.Bugs --enable-languages=c ada c++ go d fortran objc obj-c++ m2 --prefix=/usr --with-gcc-major-version-only --program-suffix=-10 --program-prefix=aarch64-linux-gnu- --enable-shared --enable-linker-build-id --libexecdir=/usr/lib --without-included-gettext --enable-threads=posix --libdir=/usr/lib --enable-nls --enable-bootstrap --enable-clocale=gnu --enable-libstdcxx-debug --enable-libstdcxx-time=yes --with-default-libstdcxx-abi=new --enable-gnu-unique-object --disable-libquadmath --disable-libquadmath-support --enable-plugin --enable-default-pie --with-system-zlib --enable-libphobos-checking=release --with-target-system-zlib=auto --enable-objc-gc=auto --enable-multiarch --enable-fix-cortex-a53-843419 --disable-werror --enable-checking=release --build=aarch64-linux-gnu --host=aarch64-linux-gnu --target=aarch64-linux-gnu --with-build-config=bootstrap-lto-lean --enable-link-mutex]
  ignore line: [Thread model: posix]
  ignore line: [Supported LTO compression algorithms: zlib zstd]
  ignore line: [gcc version 10.2.1 20210110 (Debian 10.2.1-6) ]
  ignore line: [COMPILER_PATH=/usr/lib/gcc/aarch64-linux-gnu/10/:/usr/lib/gcc/aarch64-linux-gnu/10/:/usr/lib/gcc/aarch64-linux-gnu/:/usr/lib/gcc/aarch64-linux-gnu/10/:/usr/lib/gcc/aarch64-linux-gnu/]
  ignore line: [LIBRARY_PATH=/usr/lib/gcc/aarch64-linux-gnu/10/:/usr/lib/gcc/aarch64-linux-gnu/10/../../../aarch64-linux-gnu/:/usr/lib/gcc/aarch64-linux-gnu/10/../../../../lib/:/lib/aarch64-linux-gnu/:/lib/../lib/:/usr/lib/aarch64-linux-gnu/:/usr/lib/../lib/:/usr/lib/gcc/aarch64-linux-gnu/10/../../../:/lib/:/usr/lib/]
  ignore line: [COLLECT_GCC_OPTIONS='-v' '-o' 'cmTC_29105' '-mlittle-endian' '-mabi=lp64']
  link line: [ /usr/lib/gcc/aarch64-linux-gnu/10/collect2 -plugin /usr/lib/gcc/aarch64-linux-gnu/10/liblto_plugin.so -plugin-opt=/usr/lib/gcc/aarch64-linux-gnu/10/lto-wrapper -plugin-opt=-fresolution=/tmp/ccCja9H7.res -plugin-opt=-pass-through=-lgcc -plugin-opt=-pass-through=-lgcc_s -plugin-opt=-pass-through=-lc -plugin-opt=-pass-through=-lgcc -plugin-opt=-pass-through=-lgcc_s --build-id --eh-frame-hdr --hash-style=gnu --as-needed -dynamic-linker /lib/ld-linux-aarch64.so.1 -X -EL -maarch64linux --fix-cortex-a53-843419 -pie -o cmTC_29105 /usr/lib/gcc/aarch64-linux-gnu/10/../../../aarch64-linux-gnu/Scrt1.o /usr/lib/gcc/aarch64-linux-gnu/10/../../../aarch64-linux-gnu/crti.o /usr/lib/gcc/aarch64-linux-gnu/10/crtbeginS.o -L/usr/lib/gcc/aarch64-linux-gnu/10 -L/usr/lib/gcc/aarch64-linux-gnu/10/../../../aarch64-linux-gnu -L/usr/lib/gcc/aarch64-linux-gnu/10/../../../../lib -L/lib/aarch64-linux-gnu -L/lib/../lib -L/usr/lib/aarch64-linux-gnu -L/usr/lib/../lib -L/usr/lib/gcc/aarch64-linux-gnu/10/../../.. CMakeFiles/cmTC_29105.dir/CMakeCCompilerABI.c.o -lgcc --push-state --as-needed -lgcc_s --pop-state -lc -lgcc --push-state --as-needed -lgcc_s --pop-state /usr/lib/gcc/aarch64-linux-gnu/10/crtendS.o /usr/lib/gcc/aarch64-linux-gnu/10/../../../aarch64-linux-gnu/crtn.o]
    arg [/usr/lib/gcc/aarch64-linux-gnu/10/collect2] ==> ignore
    arg [-plugin] ==> ignore
    arg [/usr/lib/gcc/aarch64-linux-gnu/10/liblto_plugin.so] ==> ignore
    arg [-plugin-opt=/usr/lib/gcc/aarch64-linux-gnu/10/lto-wrapper] ==> ignore
    arg [-plugin-opt=-fresolution=/tmp/ccCja9H7.res] ==> ignore
    arg [-plugin-opt=-pass-through=-lgcc] ==> ignore
    arg [-plugin-opt=-pass-through=-lgcc_s] ==> ignore
    arg [-plugin-opt=-pass-through=-lc] ==> ignore
    arg [-plugin-opt=-pass-through=-lgcc] ==> ignore
    arg [-plugin-opt=-pass-through=-lgcc_s] ==> ignore
    arg [--build-id] ==> ignore
    arg [--eh-frame-hdr] ==> ignore
    arg [--hash-style=gnu] ==> ignore
    arg [--as-needed] ==> ignore
    arg [-dynamic-linker] ==> ignore
    arg [/lib/ld-linux-aarch64.so.1] ==> ignore
    arg [-X] ==> ignore
    arg [-EL] ==> ignore
    arg [-maarch64linux] ==> ignore
    arg [--fix-cortex-a53-843419] ==> ignore
    arg [-pie] ==> ignore
    arg [-o] ==> ignore
    arg [cmTC_29105] ==> ignore
    arg [/usr/lib/gcc/aarch64-linux-gnu/10/../../../aarch64-linux-gnu/Scrt1.o] ==> ignore
    arg [/usr/lib/gcc/aarch64-linux-gnu/10/../../../aarch64-linux-gnu/crti.o] ==> ignore
    arg [/usr/lib/gcc/aarch64-linux-gnu/10/crtbeginS.o] ==> ignore
    arg [-L/usr/lib/gcc/aarch64-linux-gnu/10] ==> dir [/usr/lib/gcc/aarch64-linux-gnu/10]
    arg [-L/usr/lib/gcc/aarch64-linux-gnu/10/../../../aarch64-linux-gnu] ==> dir [/usr/lib/gcc/aarch64-linux-gnu/10/../../../aarch64-linux-gnu]
    arg [-L/usr/lib/gcc/aarch64-linux-gnu/10/../../../../lib] ==> dir [/usr/lib/gcc/aarch64-linux-gnu/10/../../../../lib]
    arg [-L/lib/aarch64-linux-gnu] ==> dir [/lib/aarch64-linux-gnu]
    arg [-L/lib/../lib] ==> dir [/lib/../lib]
    arg [-L/usr/lib/aarch64-linux-gnu] ==> dir [/usr/lib/aarch64-linux-gnu]
    arg [-L/usr/lib/../lib] ==> dir [/usr/lib/../lib]
    arg [-L/usr/lib/gcc/aarch64-linux-gnu/10/../../..] ==> dir [/usr/lib/gcc/aarch64-linux-gnu/10/../../..]
    arg [CMakeFiles/cmTC_29105.dir/CMakeCCompilerABI.c.o] ==> ignore
    arg [-lgcc] ==> lib [gcc]
    arg [--push-state] ==> ignore
    arg [--as-needed] ==> ignore
    arg [-lgcc_s] ==> lib [gcc_s]
    arg [--pop-state] ==> ignore
    arg [-lc] ==> lib [c]
    arg [-lgcc] ==> lib [gcc]
    arg [--push-state] ==> ignore
    arg [--as-needed] ==> ignore
    arg [-lgcc_s] ==> lib [gcc_s]
    arg [--pop-state] ==> ignore
    arg [/usr/lib/gcc/aarch64-linux-gnu/10/crtendS.o] ==> ignore
    arg [/usr/lib/gcc/aarch64-linux-gnu/10/../../../aarch64-linux-gnu/crtn.o] ==> ignore
  collapse library dir [/usr/lib/gcc/aarch64-linux-gnu/10] ==> [/usr/lib/gcc/aarch64-linux-gnu/10]
  collapse library dir [/usr/lib/gcc/aarch64-linux-gnu/10/../../../aarch64-linux-gnu] ==> [/usr/lib/aarch64-linux-gnu]
  collapse library dir [/usr/lib/gcc/aarch64-linux-gnu/10/../../../../lib] ==> [/usr/lib]
  collapse library dir [/lib/aarch64-linux-gnu] ==> [/lib/aarch64-linux-gnu]
  collapse library dir [/lib/../lib] ==> [/lib]
  collapse library dir [/usr/lib/aarch64-linux-gnu] ==> [/usr/lib/aarch64-linux-gnu]
  collapse library dir [/usr/lib/../lib] ==> [/usr/lib]
  collapse library dir [/usr/lib/gcc/aarch64-linux-gnu/10/../../..] ==> [/usr/lib]
  implicit libs: [gcc;gcc_s;c;gcc;gcc_s]
  implicit dirs: [/usr/lib/gcc/aarch64-linux-gnu/10;/usr/lib/aarch64-linux-gnu;/usr/lib;/lib/aarch64-linux-gnu;/lib]
  implicit fwks: []


Detecting CXX compiler ABI info compiled with the following output:
Change Dir: /home/pi/Workspace/BlockChain/3rdParty/leveldb-1.22/CMakeFiles/CMakeTmp

Run Build Command(s):/usr/bin/gmake cmTC_8ddb7/fast && /usr/bin/gmake  -f CMakeFiles/cmTC_8ddb7.dir/build.make CMakeFiles/cmTC_8ddb7.dir/build
gmake[1]: Entering directory '/home/pi/Workspace/BlockChain/3rdParty/leveldb-1.22/CMakeFiles/CMakeTmp'
Building CXX object CMakeFiles/cmTC_8ddb7.dir/CMakeCXXCompilerABI.cpp.o
/usr/bin/c++   -v -o CMakeFiles/cmTC_8ddb7.dir/CMakeCXXCompilerABI.cpp.o -c /usr/share/cmake-3.18/Modules/CMakeCXXCompilerABI.cpp
Using built-in specs.
COLLECT_GCC=/usr/bin/c++
Target: aarch64-linux-gnu
Configured with: ../src/configure -v --with-pkgversion='Debian 10.2.1-6' --with-bugurl=file:///usr/share/doc/gcc-10/README.Bugs --enable-languages=c,ada,c++,go,d,fortran,objc,obj-c++,m2 --prefix=/usr --with-gcc-major-version-only --program-suffix=-10 --program-prefix=aarch64-linux-gnu- --enable-shared --enable-linker-build-id --libexecdir=/usr/lib --without-included-gettext --enable-threads=posix --libdir=/usr/lib --enable-nls --enable-bootstrap --enable-clocale=gnu --enable-libstdcxx-debug --enable-libstdcxx-time=yes --with-default-libstdcxx-abi=new --enable-gnu-unique-object --disable-libquadmath --disable-libquadmath-support --enable-plugin --enable-default-pie --with-system-zlib --enable-libphobos-checking=release --with-target-system-zlib=auto --enable-objc-gc=auto --enable-multiarch --enable-fix-cortex-a53-843419 --disable-werror --enable-checking=release --build=aarch64-linux-gnu --host=aarch64-linux-gnu --target=aarch64-linux-gnu --with-build-config=bootstrap-lto-lean --enable-link-mutex
Thread model: posix
Supported LTO compression algorithms: zlib zstd
gcc version 10.2.1 20210110 (Debian 10.2.1-6) 
COLLECT_GCC_OPTIONS='-v' '-o' 'CMakeFiles/cmTC_8ddb7.dir/CMakeCXXCompilerABI.cpp.o' '-c' '-shared-libgcc' '-mlittle-endian' '-mabi=lp64'
 /usr/lib/gcc/aarch64-linux-gnu/10/cc1plus -quiet -v -imultiarch aarch64-linux-gnu -D_GNU_SOURCE /usr/share/cmake-3.18/Modules/CMakeCXXCompilerABI.cpp -quiet -dumpbase CMakeCXXCompilerABI.cpp -mlittle-endian -mabi=lp64 -auxbase-strip CMakeFiles/cmTC_8ddb7.dir/CMakeCXXCompilerABI.cpp.o -version -fasynchronous-unwind-tables -o /tmp/ccVlSrSD.s
GNU C++14 (Debian 10.2.1-6) version 10.2.1 20210110 (aarch64-linux-gnu)
	compiled by GNU C version 10.2.1 20210110, GMP version 6.2.1, MPFR version 4.1.0, MPC version 1.2.0, isl version isl-0.23-GMP

GGC heuristics: --param ggc-min-expand=100 --param ggc-min-heapsize=131072
ignoring duplicate directory "/usr/include/aarch64-linux-gnu/c++/10"
ignoring nonexistent directory "/usr/local/include/aarch64-linux-gnu"
ignoring nonexistent directory "/usr/lib/gcc/aarch64-linux-gnu/10/include-fixed"
ignoring nonexistent directory "/usr/lib/gcc/aarch64-linux-gnu/10/../../../../aarch64-linux-gnu/include"
#include "..." search starts here:
#include <...> search starts here:
 /usr/include/c++/10
 /usr/include/aarch64-linux-gnu/c++/10
 /usr/include/c++/10/backward
 /usr/lib/gcc/aarch64-linux-gnu/10/include
 /usr/local/include
 /usr/include/aarch64-linux-gnu
 /usr/include
End of search list.
GNU C++14 (Debian 10.2.1-6) version 10.2.1 20210110 (aarch64-linux-gnu)
	compiled by GNU C version 10.2.1 20210110, GMP version 6.2.1, MPFR version 4.1.0, MPC version 1.2.0, isl version isl-0.23-GMP

GGC heuristics: --param ggc-min-expand=100 --param ggc-min-heapsize=131072
Compiler executable checksum: 7ff9b3e77ba341f92c3fc11acba5d5f9
COLLECT_GCC_OPTIONS='-v' '-o' 'CMakeFiles/cmTC_8ddb7.dir/CMakeCXXCompilerABI.cpp.o' '-c' '-shared-libgcc' '-mlittle-endian' '-mabi=lp64'
 as -v -EL -mabi=lp64 -o CMakeFiles/cmTC_8ddb7.dir/CMakeCXXCompilerABI.cpp.o /tmp/ccVlSrSD.s
GNU assembler version 2.35.2 (aarch64-linux-gnu) using BFD version (GNU Binutils for Debian) 2.35.2
COMPILER_PATH=/usr/lib/gcc/aarch64-linux-gnu/10/:/usr/lib/gcc/aarch64-linux-gnu/10/:/usr/lib/gcc/aarch64-linux-gnu/:/usr/lib/gcc/aarch64-linux-gnu/10/:/usr/lib/gcc/aarch64-linux-gnu/
LIBRARY_PATH=/usr/lib/gcc/aarch64-linux-gnu/10/:/usr/lib/gcc/aarch64-linux-gnu/10/../../../aarch64-linux-gnu/:/usr/lib/gcc/aarch64-linux-gnu/10/../../../../lib/:/lib/aarch64-linux-gnu/:/lib/../lib/:/usr/lib/aarch64-linux-gnu/:/usr/lib/../lib/:/usr/lib/gcc/aarch64-linux-gnu/10/../../../:/lib/:/usr/lib/
COLLECT_GCC_OPTIONS='-v' '-o' 'CMakeFiles/cmTC_8ddb7.dir/CMakeCXXCompilerABI.cpp.o' '-c' '-shared-libgcc' '-mlittle-endian' '-mabi=lp64'
Linking CXX executable cmTC_8ddb7
/usr/bin/cmake -E cmake_link_script CMakeFiles/cmTC_8ddb7.dir/link.txt --verbose=1
/usr/bin/c++  -v CMakeFiles/cmTC_8ddb7.dir/CMakeCXXCompilerABI.cpp.o -o cmTC_8ddb7 
Using built-in specs.
COLLECT_GCC=/usr/bin/c++
COLLECT_LTO_WRAPPER=/usr/lib/gcc/aarch64-linux-gnu/10/lto-wrapper
Target: aarch64-linux-gnu
Configured with: ../src/configure -v --with-pkgversion='Debian 10.2.1-6' --with-bugurl=file:///usr/share/doc/gcc-10/README.Bugs --enable-languages=c,ada,c++,go,d,fortran,objc,obj-c++,m2 --prefix=/usr --with-gcc-major-version-only --program-suffix=-10 --program-prefix=aarch64-linux-gnu- --enable-shared --enable-linker-build-id --libexecdir=/usr/lib --without-included-gettext --enable-threads=posix --libdir=/usr/lib --enable-nls --enable-bootstrap --enable-clocale=gnu --enable-libstdcxx-debug --enable-libstdcxx-time=yes --with-default-libstdcxx-abi=new --enable-gnu-unique-object --disable-libquadmath --disable-libquadmath-support --enable-plugin --enable-default-pie --with-system-zlib --enable-libphobos-checking=release --with-target-system-zlib=auto --enable-objc-gc=auto --enable-multiarch --enable-fix-cortex-a53-843419 --disable-werror --enable-checking=release --build=aarch64-linux-gnu --host=aarch64-linux-gnu --target=aarch64-linux-gnu --with-build-config=bootstrap-lto-lean --enable-link-mutex
Thread model: posix
Supported LTO compression algorithms: zlib zstd
gcc version 10.2.1 20210110 (Debian 10.2.1-6) 
COMPILER_PATH=/usr/lib/gcc/aarch64-linux-gnu/10/:/usr/lib/gcc/aarch64-linux-gnu/10/:/usr/lib/gcc/aarch64-linux-gnu/:/usr/lib/gcc/aarch64-linux-gnu/10/:/usr/lib/gcc/aarch64-linux-gnu/
LIBRARY_PATH=/usr/lib/gcc/aarch64-linux-gnu/10/:/usr/lib/gcc/aarch64-linux-gnu/10/../../../aarch64-linux-gnu/:/usr/lib/gcc/aarch64-linux-gnu/10/../../../../lib/:/lib/aarch64-linux-gnu/:/lib/../lib/:/usr/lib/aarch64-linux-gnu/:/usr/lib/../lib/:/usr/lib/gcc/aarch64-linux-gnu/10/../../../:/lib/:/usr/lib/
COLLECT_GCC_OPTIONS='-v' '-o' 'cmTC_8ddb7' '-shared-libgcc' '-mlittle-endian' '-mabi=lp64'
 /usr/lib/gcc/aarch64-linux-gnu/10/collect2 -plugin /usr/lib/gcc/aarch64-linux-gnu/10/liblto_plugin.so -plugin-opt=/usr/lib/gcc/aarch64-linux-gnu/10/lto-wrapper -plugin-opt=-fresolution=/tmp/ccwJJC35.res -plugin-opt=-pass-through=-lgcc_s -plugin-opt=-pass-through=-lgcc -plugin-opt=-pass-through=-lc -plugin-opt=-pass-through=-lgcc_s -plugin-opt=-pass-through=-lgcc --build-id --eh-frame-hdr --hash-style=gnu --as-needed -dynamic-linker /lib/ld-linux-aarch64.so.1 -X -EL -maarch64linux --fix-cortex-a53-843419 -pie -o cmTC_8ddb7 /usr/lib/gcc/aarch64-linux-gnu/10/../../../aarch64-linux-gnu/Scrt1.o /usr/lib/gcc/aarch64-linux-gnu/10/../../../aarch64-linux-gnu/crti.o /usr/lib/gcc/aarch64-linux-gnu/10/crtbeginS.o -L/usr/lib/gcc/aarch64-linux-gnu/10 -L/usr/lib/gcc/aarch64-linux-gnu/10/../../../aarch64-linux-gnu -L/usr/lib/gcc/aarch64-linux-gnu/10/../../../../lib -L/lib/aarch64-linux-gnu -L/lib/../lib -L/usr/lib/aarch64-linux-gnu -L/usr/lib/../lib -L/usr/lib/gcc/aarch64-linux-gnu/10/../../.. CMakeFiles/cmTC_8ddb7.dir/CMakeCXXCompilerABI.cpp.o -lstdc++ -lm -lgcc_s -lgcc -lc -lgcc_s -lgcc /usr/lib/gcc/aarch64-linux-gnu/10/crtendS.o /usr/lib/gcc/aarch64-linux-gnu/10/../../../aarch64-linux-gnu/crtn.o
COLLECT_GCC_OPTIONS='-v' '-o' 'cmTC_8ddb7' '-shared-libgcc' '-mlittle-endian' '-mabi=lp64'
gmake[1]: Leaving directory '/home/pi/Workspace/BlockChain/3rdParty/leveldb-1.22/CMakeFiles/CMakeTmp'



Parsed CXX implicit include dir info from above output: rv=done
  found start of include info
  found start of implicit include info
    add: [/usr/include/c++/10]
    add: [/usr/include/aarch64-linux-gnu/c++/10]
    add: [/usr/include/c++/10/backward]
    add: [/usr/lib/gcc/aarch64-linux-gnu/10/include]
    add: [/usr/local/include]
    add: [/usr/include/aarch64-linux-gnu]
    add: [/usr/include]
  end of search list found
  collapse include dir [/usr/include/c++/10] ==> [/usr/include/c++/10]
  collapse include dir [/usr/include/aarch64-linux-gnu/c++/10] ==> [/usr/include/aarch64-linux-gnu/c++/10]
  collapse include dir [/usr/include/c++/10/backward] ==> [/usr/include/c++/10/backward]
  collapse include dir [/usr/lib/gcc/aarch64-linux-gnu/10/include] ==> [/usr/lib/gcc/aarch64-linux-gnu/10/include]
  collapse include dir [/usr/local/include] ==> [/usr/local/include]
  collapse include dir [/usr/include/aarch64-linux-gnu] ==> [/usr/include/aarch64-linux-gnu]
  collapse include dir [/usr/include] ==> [/usr/include]
  implicit include dirs: [/usr/include/c++/10;/usr/include/aarch64-linux-gnu/c++/10;/usr/include/c++/10/backward;/usr/lib/gcc/aarch64-linux-gnu/10/include;/usr/local/include;/usr/include/aarch64-linux-gnu;/usr/include]


Parsed CXX implicit link information from above output:
  link line regex: [^( *|.*[/\])(ld|CMAKE_LINK_STARTFILE-NOTFOUND|([^/\]+-)?ld|collect2)[^/\]*( |$)]
  ignore line: [Change Dir: /home/pi/Workspace/BlockChain/3rdParty/leveldb-1.22/CMakeFiles/CMakeTmp]
  ignore line: []
  ignore line: [Run Build Command(s):/usr/bin/gmake cmTC_8ddb7/fast && /usr/bin/gmake  -f CMakeFiles/cmTC_8ddb7.dir/build.make CMakeFiles/cmTC_8ddb7.dir/build]
  ignore line: [gmake[1]: Entering directory '/home/pi/Workspace/BlockChain/3rdParty/leveldb-1.22/CMakeFiles/CMakeTmp']
  ignore line: [Building CXX object CMakeFiles/cmTC_8ddb7.dir/CMakeCXXCompilerABI.cpp.o]
  ignore line: [/usr/bin/c++   -v -o CMakeFiles/cmTC_8ddb7.dir/CMakeCXXCompilerABI.cpp.o -c /usr/share/cmake-3.18/Modules/CMakeCXXCompilerABI.cpp]
  ignore line: [Using built-in specs.]
  ignore line: [COLLECT_GCC=/usr/bin/c++]
  ignore line: [Target: aarch64-linux-gnu]
  ignore line: [Configured with: ../src/configure -v --with-pkgversion='Debian 10.2.1-6' --with-bugurl=file:///usr/share/doc/gcc-10/README.Bugs --enable-languages=c ada c++ go d fortran objc obj-c++ m2 --prefix=/usr --with-gcc-major-version-only --program-suffix=-10 --program-prefix=aarch64-linux-gnu- --enable-shared --enable-linker-build-id --libexecdir=/usr/lib --without-included-gettext --enable-threads=posix --libdir=/usr/lib --enable-nls --enable-bootstrap --enable-clocale=gnu --enable-libstdcxx-debug --enable-libstdcxx-time=yes --with-default-libstdcxx-abi=new --enable-gnu-unique-object --disable-libquadmath --disable-libquadmath-support --enable-plugin --enable-default-pie --with-system-zlib --enable-libphobos-checking=release --with-target-system-zlib=auto --enable-objc-gc=auto --enable-multiarch --enable-fix-cortex-a53-843419 --disable-werror --enable-checking=release --build=aarch64-linux-gnu --host=aarch64-linux-gnu --target=aarch64-linux-gnu --with-build-config=bootstrap-lto-lean --enable-link-mutex]
  ignore line: [Thread model: posix]
  ignore line: [Supported LTO compression algorithms: zlib zstd]
  ignore line: [gcc version 10.2.1 20210110 (Debian 10.2.1-6) ]
  ignore line: [COLLECT_GCC_OPTIONS='-v' '-o' 'CMakeFiles/cmTC_8ddb7.dir/CMakeCXXCompilerABI.cpp.o' '-c' '-shared-libgcc' '-mlittle-endian' '-mabi=lp64']
  ignore line: [ /usr/lib/gcc/aarch64-linux-gnu/10/cc1plus -quiet -v -imultiarch aarch64-linux-gnu -D_GNU_SOURCE /usr/share/cmake-3.18/Modules/CMakeCXXCompilerABI.cpp -quiet -dumpbase CMakeCXXCompilerABI.cpp -mlittle-endian -mabi=lp64 -auxbase-strip CMakeFiles/cmTC_8ddb7.dir/CMakeCXXCompilerABI.cpp.o -version -fasynchronous-unwind-tables -o /tmp/ccVlSrSD.s]
  ignore line: [GNU C++14 (Debian 10.2.1-6) version 10.2.1 20210110 (aarch64-linux-gnu)]
  ignore line: [	compiled by GNU C version 10.2.1 20210110  GMP version 6.2.1  MPFR version 4.1.0  MPC version 1.2.0  isl version isl-0.23-GMP]
  ignore line: []
  ignore line: [GGC heuristics: --param ggc-min-expand=100 --param ggc-min-heapsize=131072]
  ignore line: [ignoring duplicate directory "/usr/include/aarch64-linux-gnu/c++/10"]
  ignore line: [ignoring nonexistent directory "/usr/local/include/aarch64-linux-gnu"]
  ignore line: [ignoring nonexistent directory "/usr/lib/gcc/aarch64-linux-gnu/10/include-fixed"]
  ignore line: [ignoring nonexistent directory "/usr/lib/gcc/aarch64-linux-gnu/10/../../../../aarch64-linux-gnu/include"]
  ignore line: [#include "..." search starts here:]
  ignore line: [#include <...> search starts here:]
  ignore line: [ /usr/include/c++/10]
  ignore line: [ /usr/include/aarch64-linux-gnu/c++/10]
  ignore line: [ /usr/include/c++/10/backward]
  ignore line: [ /usr/lib/gcc/aarch64-linux-gnu/10/include]
  ignore line: [ /usr/local/include]
  ignore line: [ /usr/include/aarch64-linux-gnu]
  ignore line: [ /usr/include]
  ignore line: [End of search list.]
  ignore line: [GNU C++14 (Debian 10.2.1-6) version 10.2.1 20210110 (aarch64-linux-gnu)]
  ignore line: [	compiled by GNU C version 10.2.1 20210110  GMP version 6.2.1  MPFR version 4.1.0  MPC version 1.2.0  isl version isl-0.23-GMP]
  ignore line: []
  ignore line: [GGC heuristics: --param ggc-min-expand=100 --param ggc-min-heapsize=131072]
  ignore line: [Compiler executable checksum: 7ff9b3e77ba341f92c3fc11acba5d5f9]
  ignore line: [COLLECT_GCC_OPTIONS='-v' '-o' 'CMakeFiles/cmTC_8ddb7.dir/CMakeCXXCompilerABI.cpp.o' '-c' '-shared-libgcc' '-mlittle-endian' '-mabi=lp64']
  ignore line: [ as -v -EL -mabi=lp64 -o CMakeFiles/cmTC_8ddb7.dir/CMakeCXXCompilerABI.cpp.o /tmp/ccVlSrSD.s]
  ignore line: [GNU assembler version 2.35.2 (aarch64-linux-gnu) using BFD version (GNU Binutils for Debian) 2.35.2]
  ignore line: [COMPILER_PATH=/usr/lib/gcc/aarch64-linux-gnu/10/:/usr/lib/gcc/aarch64-linux-gnu/10/:/usr/lib/gcc/aarch64-linux-gnu/:/usr/lib/gcc/aarch64-linux-gnu/10/:/usr/lib/gcc/aarch64-linux-gnu/]
  ignore line: [LIBRARY_PATH=/usr/lib/gcc/aarch64-linux-gnu/10/:/usr/lib/gcc/aarch64-linux-gnu/10/../../../aarch64-linux-gnu/:/usr/lib/gcc/aarch64-linux-gnu/10/../../../../lib/:/lib/aarch64-linux-gnu/:/lib/../lib/:/usr/lib/aarch64-linux-gnu/:/usr/lib/../lib/:/usr/lib/gcc/aarch64-linux-gnu/10/../../../:/lib/:/usr/lib/]
  ignore line: [COLLECT_GCC_OPTIONS='-v' '-o' 'CMakeFiles/cmTC_8ddb7.dir/CMakeCXXCompilerABI.cpp.o' '-c' '-shared-libgcc' '-mlittle-endian' '-mabi=lp64']
  ignore line: [Linking CXX executable cmTC_8ddb7]
  ignore line: [/usr/bin/cmake -E cmake_link_script CMakeFiles/cmTC_8ddb7.dir/link.txt --verbose=1]
  ignore line: [/usr/bin/c++  -v CMakeFiles/cmTC_8ddb7.dir/CMakeCXXCompilerABI.cpp.o -o cmTC_8ddb7 ]
  ignore line: [Using built-in specs.]
  ignore line: [COLLECT_GCC=/usr/bin/c++]
  ignore line: [COLLECT_LTO_WRAPPER=/usr/lib/gcc/aarch64-linux-gnu/10/lto-wrapper]
  ignore line: [Target: aarch64-linux-gnu]
  ignore line: [Configured with: ../src/configure -v --with-pkgversion='Debian 10.2.1-6' --with-bugurl=file:///usr/share/doc/gcc-10/README.Bugs --enable-languages=c ada c++ go d fortran objc obj-c++ m2 --prefix=/usr --with-gcc-major-version-only --program-suffix=-10 --program-prefix=aarch64-linux-gnu- --enable-shared --enable-linker-build-id --libexecdir=/usr/lib --without-included-gettext --enable-threads=posix --libdir=/usr/lib --enable-nls --enable-bootstrap --enable-clocale=gnu --enable-libstdcxx-debug --enable-libstdcxx-time=yes --with-default-libstdcxx-abi=new --enable-gnu-unique-object --disable-libquadmath --disable-libquadmath-support --enable-plugin --enable-default-pie --with-system-zlib --enable-libphobos-checking=release --with-target-system-zlib=auto --enable-objc-gc=auto --enable-multiarch --enable-fix-cortex-a53-843419 --disable-werror --enable-checking=release --build=aarch64-linux-gnu --host=aarch64-linux-gnu --target=aarch64-linux-gnu --with-build-config=bootstrap-lto-lean --enable-link-mutex]
  ignore line: [Thread model: posix]
  ignore line: [Supported LTO compression algorithms: zlib zstd]
  ignore line: [gcc version 10.2.1 20210110 (Debian 10.2.1-6) ]
  ignore line: [COMPILER_PATH=/usr/lib/gcc/aarch64-linux-gnu/10/:/usr/lib/gcc/aarch64-linux-gnu/10/:/usr/lib/gcc/aarch64-linux-gnu/:/usr/lib/gcc/aarch64-linux-gnu/10/:/usr/lib/gcc/aarch64-linux-gnu/]
  ignore line: [LIBRARY_PATH=/usr/lib/gcc/aarch64-linux-gnu/10/:/usr/lib/gcc/aarch64-linux-gnu/10/../../../aarch64-linux-gnu/:/usr/lib/gcc/aarch64-linux-gnu/10/../../../../lib/:/lib/aarch64-linux-gnu/:/lib/../lib/:/usr/lib/aarch64-linux-gnu/:/usr/lib/../lib/:/usr/lib/gcc/aarch64-linux-gnu/10/../../../:/lib/:/usr/lib/]
  ignore line: [COLLECT_GCC_OPTIONS='-v' '-o' 'cmTC_8ddb7' '-shared-libgcc' '-mlittle-endian' '-mabi=lp64']
  link line: [ /usr/lib/gcc/aarch64-linux-gnu/10/collect2 -plugin /usr/lib/gcc/aarch64-linux-gnu/10/liblto_plugin.so -plugin-opt=/usr/lib/gcc/aarch64-linux-gnu/10/lto-wrapper -plugin-opt=-fresolution=/tmp/ccwJJC35.res -plugin-opt=-pass-through=-lgcc_s -plugin-opt=-pass-through=-lgcc -plugin-opt=-pass-through=-lc -plugin-opt=-pass-through=-lgcc_s -plugin-opt=-pass-through=-lgcc --build-id --eh-frame-hdr --hash-style=gnu --as-needed -dynamic-linker /lib/ld-linux-aarch64.so.1 -X -EL -maarch64linux --fix-cortex-a53-843419 -pie -o cmTC_8ddb7 /usr/lib/gcc/aarch64-linux-gnu/10/../../../aarch64-linux-gnu/Scrt1.o /usr/lib/gcc/aarch64-linux-gnu/10/../../../aarch64-linux-gnu/crti.o /usr/lib/gcc/aarch64-linux-gnu/10/crtbeginS.o -L/usr/lib/gcc/aarch64-linux-gnu/10 -L/usr/lib/gcc/aarch64-linux-gnu/10/../../../aarch64-linux-gnu -L/usr/lib/gcc/aarch64-linux-gnu/10/../../../../lib -L/lib/aarch64-linux-gnu -L/lib/../lib -L/usr/lib/aarch64-linux-gnu -L/usr/lib/../lib -L/usr/lib/gcc/aarch64-linux-gnu/10/../../.. CMakeFiles/cmTC_8ddb7.dir/CMakeCXXCompilerABI.cpp.o -lstdc++ -lm -lgcc_s -lgcc -lc -lgcc_s -lgcc /usr/lib/gcc/aarch64-linux-gnu/10/crtendS.o /usr/lib/gcc/aarch64-linux-gnu/10/../../../aarch64-linux-gnu/crtn.o]
    arg [/usr/lib/gcc/aarch64-linux-gnu/10/collect2] ==> ignore
    arg [-plugin] ==> ignore
    arg [/usr/lib/gcc/aarch64-linux-gnu/10/liblto_plugin.so] ==> ignore
    arg [-plugin-opt=/usr/lib/gcc/aarch64-linux-gnu/10/lto-wrapper] ==> ignore
    arg [-plugin-opt=-fresolution=/tmp/ccwJJC35.res] ==> ignore
    arg [-plugin-opt=-pass-through=-lgcc_s] ==> ignore
    arg [-plugin-opt=-pass-through=-lgcc] ==> ignore
    arg [-plugin-opt=-pass-through=-lc] ==> ignore
    arg [-plugin-opt=-pass-through=-lgcc_s] ==> ignore
    arg [-plugin-opt=-pass-through=-lgcc] ==> ignore
    arg [--build-id] ==> ignore
    arg [--eh-frame-hdr] ==> ignore
    arg [--hash-style=gnu] ==> ignore
    arg [--as-needed] ==> ignore
    arg [-dynamic-linker] ==> ignore
    arg [/lib/ld-linux-aarch64.so.1] ==> ignore
    arg [-X] ==> ignore
    arg [-EL] ==> ignore
    arg [-maarch64linux] ==> ignore
    arg [--fix-cortex-a53-843419] ==> ignore
    arg [-pie] ==> ignore
    arg [-o] ==> ignore
    arg [cmTC_8ddb7] ==> ignore
    arg [/usr/lib/gcc/aarch64-linux-gnu/10/../../../aarch64-linux-gnu/Scrt1.o] ==> ignore
    arg [/usr/lib/gcc/aarch64-linux-gnu/10/../../../aarch64-linux-gnu/crti.o] ==> ignore
    arg [/usr/lib/gcc/aarch64-linux-gnu/10/crtbeginS.o] ==> ignore
    arg [-L/usr/lib/gcc/aarch64-linux-gnu/10] ==> dir [/usr/lib/gcc/aarch64-linux-gnu/10]
    arg [-L/usr/lib/gcc/aarch64-linux-gnu/10/../../../aarch64-linux-gnu] ==> dir [/usr/lib/gcc/aarch64-linux-gnu/10/../../../aarch64-linux-gnu]
    arg [-L/usr/lib/gcc/aarch64-linux-gnu/10/../../../../lib] ==> dir [/usr/lib/gcc/aarch64-linux-gnu/10/../../../../lib]
    arg [-L/lib/aarch64-linux-gnu] ==> dir [/lib/aarch64-linux-gnu]
    arg [-L/lib/../lib] ==> dir [/lib/../lib]
    arg [-L/usr/lib/aarch64-linux-gnu] ==> dir [/usr/lib/aarch64-linux-gnu]
    arg [-L/usr/lib/../lib] ==> dir [/usr/lib/../lib]
    arg [-L/usr/lib/gcc/aarch64-linux-gnu/10/../../..] ==> dir [/usr/lib/gcc/aarch64-linux-gnu/10/../../..]
    arg [CMakeFiles/cmTC_8ddb7.dir/CMakeCXXCompilerABI.cpp.o] ==> ignore
    arg [-lstdc++] ==> lib [stdc++]
    arg [-lm] ==> lib [m]
    arg [-lgcc_s] ==> lib [gcc_s]
    arg [-lgcc] ==> lib [gcc]
    arg [-lc] ==> lib [c]
    arg [-lgcc_s] ==> lib [gcc_s]
    arg [-lgcc] ==> lib [gcc]
    arg [/usr/lib/gcc/aarch64-linux-gnu/10/crtendS.o] ==> ignore
    arg [/usr/lib/gcc/aarch64-linux-gnu/10/../../../aarch64-linux-gnu/crtn.o] ==> ignore
  collapse library dir [/usr/lib/gcc/aarch64-linux-gnu/10] ==> [/usr/lib/gcc/aarch64-linux-gnu/10]
  collapse library dir [/usr/lib/gcc/aarch64-linux-gnu/10/../../../aarch64-linux-gnu] ==> [/usr/lib/aarch64-linux-gnu]
  collapse library dir [/usr/lib/gcc/aarch64-linux-gnu/10/../../../../lib] ==> [/usr/lib]
  collapse library dir [/lib/aarch64-linux-gnu] ==> [/lib/aarch64-linux-gnu]
  collapse library dir [/lib/../lib] ==> [/lib]
  collapse library dir [/usr/lib/aarch64-linux-gnu] ==> [/usr/lib/aarch64-linux-gnu]
  collapse library dir [/usr/lib/../lib] ==> [/usr/lib]
  collapse library dir [/usr/lib/gcc/aarch64-linux-gnu/10/../../..] ==> [/usr/lib]
  implicit libs: [stdc++;m;gcc_s;gcc;c;gcc_s;gcc]
  implicit dirs: [/usr/lib/gcc/aarch64-linux-gnu/10;/usr/lib/aarch64-linux-gnu;/usr/lib;/lib/aarch64-linux-gnu;/lib]
  implicit fwks: []


Determining if the include file sys/types.h exists passed with the following output:
Change Dir: /home/pi/Workspace/BlockChain/3rdParty/leveldb-1.22/CMakeFiles/CMakeTmp

Run Build Command(s):/usr/bin/gmake cmTC_21d4c/fast && /usr/bin/gmake  -f CMakeFiles/cmTC_21d4c.dir/build.make CMakeFiles/cmTC_21d4c.dir/build
gmake[1]: Entering directory '/home/pi/Workspace/BlockChain/3rdParty/leveldb-1.22/CMakeFiles/CMakeTmp'
Building C object CMakeFiles/cmTC_21d4c.dir/CheckIncludeFile.c.o
/usr/bin/cc   -std=c11 -o CMakeFiles/cmTC_21d4c.dir/CheckIncludeFile.c.o -c /home/pi/Workspace/BlockChain/3rdParty/leveldb-1.22/CMakeFiles/CMakeTmp/CheckIncludeFile.c
Linking C executable cmTC_21d4c
/usr/bin/cmake -E cmake_link_script CMakeFiles/cmTC_21d4c.dir/link.txt --verbose=1
/usr/bin/cc CMakeFiles/cmTC_21d4c.dir/CheckIncludeFile.c.o -o cmTC_21d4c 
gmake[1]: Leaving directory '/home/pi/Workspace/BlockChain/3rdParty/leveldb-1.22/CMakeFiles/CMakeTmp'



Determining if the include file stdint.h exists passed with the following output:
Change Dir: /home/pi/Workspace/BlockChain/3rdParty/leveldb-1.22/CMakeFiles/CMakeTmp

Run Build Command(s):/usr/bin/gmake cmTC_39a65/fast && /usr/bin/gmake  -f CMakeFiles/cmTC_39a65.dir/build.make CMakeFiles/cmTC_39a65.dir/build
gmake[1]: Entering directory '/home/pi/Workspace/BlockChain/3rdParty/leveldb-1.22/CMakeFiles/CMakeTmp'
Building C object CMakeFiles/cmTC_39a65.dir/CheckIncludeFile.c.o
/usr/bin/cc   -std=c11 -o CMakeFiles/cmTC_39a65.dir/CheckIncludeFile.c.o -c /home/pi/Workspace/BlockChain/3rdParty/leveldb-1.22/CMakeFiles/CMakeTmp/CheckIncludeFile.c
Linking C executable cmTC_39a65
/usr/bin/cmake -E cmake_link_script CMakeFiles/cmTC_39a65.dir/link.txt --verbose=1
/usr/bin/cc CMakeFiles/cmTC_39a65.dir/CheckIncludeFile.c.o -o cmTC_39a65 
gmake[1]: Leaving directory '/home/pi/Workspace/BlockChain/3rdParty/leveldb-1.22/CMakeFiles/CMakeTmp'



Determining if the include file stddef.h exists passed with the following output:
Change Dir: /home/pi/Workspace/BlockChain/3rdParty/leveldb-1.22/CMakeFiles/CMakeTmp

Run Build Command(s):/usr/bin/gmake cmTC_db863/fast && /usr/bin/gmake  -f CMakeFiles/cmTC_db863.dir/build.make CMakeFiles/cmTC_db863.dir/build
gmake[1]: Entering directory '/home/pi/Workspace/BlockChain/3rdParty/leveldb-1.22/CMakeFiles/CMakeTmp'
Building C object CMakeFiles/cmTC_db863.dir/CheckIncludeFile.c.o
/usr/bin/cc   -std=c11 -o CMakeFiles/cmTC_db863.dir/CheckIncludeFile.c.o -c /home/pi/Workspace/BlockChain/3rdParty/leveldb-1.22/CMakeFiles/CMakeTmp/CheckIncludeFile.c
Linking C executable cmTC_db863
/usr/bin/cmake -E cmake_link_script CMakeFiles/cmTC_db863.dir/link.txt --verbose=1
/usr/bin/cc CMakeFiles/cmTC_db863.dir/CheckIncludeFile.c.o -o cmTC_db863 
gmake[1]: Leaving directory '/home/pi/Workspace/BlockChain/3rdParty/leveldb-1.22/CMakeFiles/CMakeTmp'



Determining size of unsigned short passed with the following output:
Change Dir: /home/pi/Workspace/BlockChain/3rdParty/leveldb-1.22/CMakeFiles/CMakeTmp

Run Build Command(s):/usr/bin/gmake cmTC_8ba62/fast && /usr/bin/gmake  -f CMakeFiles/cmTC_8ba62.dir/build.make CMakeFiles/cmTC_8ba62.dir/build
gmake[1]: Entering directory '/home/pi/Workspace/BlockChain/3rdParty/leveldb-1.22/CMakeFiles/CMakeTmp'
Building C object CMakeFiles/cmTC_8ba62.dir/CMAKE_SIZEOF_UNSIGNED_SHORT.c.o
/usr/bin/cc   -std=c11 -o CMakeFiles/cmTC_8ba62.dir/CMAKE_SIZEOF_UNSIGNED_SHORT.c.o -c /home/pi/Workspace/BlockChain/3rdParty/leveldb-1.22/CMakeFiles/CheckTypeSize/CMAKE_SIZEOF_UNSIGNED_SHORT.c
Linking C executable cmTC_8ba62
/usr/bin/cmake -E cmake_link_script CMakeFiles/cmTC_8ba62.dir/link.txt --verbose=1
/usr/bin/cc CMakeFiles/cmTC_8ba62.dir/CMAKE_SIZEOF_UNSIGNED_SHORT.c.o -o cmTC_8ba62 
gmake[1]: Leaving directory '/home/pi/Workspace/BlockChain/3rdParty/leveldb-1.22/CMakeFiles/CMakeTmp'



Determining if the system is big endian passed with the following output:
Change Dir: /home/pi/Workspace/BlockChain/3rdParty/leveldb-1.22/CMakeFiles/CMakeTmp

Run Build Command(s):/usr/bin/gmake cmTC_eb8cc/fast && /usr/bin/gmake  -f CMakeFiles/cmTC_eb8cc.dir/build.make CMakeFiles/cmTC_eb8cc.dir/build
gmake[1]: Entering directory '/home/pi/Workspace/BlockChain/3rdParty/leveldb-1.22/CMakeFiles/CMakeTmp'
Building C object CMakeFiles/cmTC_eb8cc.dir/TestEndianess.c.o
/usr/bin/cc   -std=c11 -o CMakeFiles/cmTC_eb8cc.dir/TestEndianess.c.o -c /home/pi/Workspace/BlockChain/3rdParty/leveldb-1.22/CMakeFiles/CMakeTmp/TestEndianess.c
Linking C executable cmTC_eb8cc
/usr/bin/cmake -E cmake_link_script CMakeFiles/cmTC_eb8cc.dir/link.txt --verbose=1
/usr/bin/cc CMakeFiles/cmTC_eb8cc.dir/TestEndianess.c.o -o cmTC_eb8cc 
gmake[1]: Leaving directory '/home/pi/Workspace/BlockChain/3rdParty/leveldb-1.22/CMakeFiles/CMakeTmp'


TestEndianess.c:
/* A 16 bit integer is required. */
typedef unsigned short cmakeint16;

/* On a little endian machine, these 16bit ints will give "THIS IS LITTLE ENDIAN."
   On a big endian machine the characters will be exchanged pairwise. */
const cmakeint16 info_little[] =  {0x4854, 0x5349, 0x4920, 0x2053, 0x494c, 0x5454, 0x454c, 0x4520, 0x444e, 0x4149, 0x2e4e, 0x0000};

/* on a big endian machine, these 16bit ints will give "THIS IS BIG ENDIAN."
   On a little endian machine the characters will be exchanged pairwise. */
const cmakeint16 info_big[] =     {0x5448, 0x4953, 0x2049, 0x5320, 0x4249, 0x4720, 0x454e, 0x4449, 0x414e, 0x2e2e, 0x0000};

#ifdef __CLASSIC_C__
int main(argc, argv) int argc; char *argv[];
#else
int main(int argc, char *argv[])
#endif
{
  int require = 0;
  require += info_little[argc];
  require += info_big[argc];
  (void)argv;
  return require;
}


Determining if the include file unistd.h exists passed with the following output:
Change Dir: /home/pi/Workspace/BlockChain/3rdParty/leveldb-1.22/CMakeFiles/CMakeTmp

Run Build Command(s):/usr/bin/gmake cmTC_1dc60/fast && /usr/bin/gmake  -f CMakeFiles/cmTC_1dc60.dir/build.make CMakeFiles/cmTC_1dc60.dir/build
gmake[1]: Entering directory '/home/pi/Workspace/BlockChain/3rdParty/leveldb-1.22/CMakeFiles/CMakeTmp'
Building C object CMakeFiles/cmTC_1dc60.dir/CheckIncludeFile.c.o
/usr/bin/cc   -std=c11 -o CMakeFiles/cmTC_1dc60.dir/CheckIncludeFile.c.o -c /home/pi/Workspace/BlockChain/3rdParty/leveldb-1.22/CMakeFiles/CMakeTmp/CheckIncludeFile.c
Linking C executable cmTC_1dc60
/usr/bin/cmake -E cmake_link_script CMakeFiles/cmTC_1dc60.dir/link.txt --verbose=1
/usr/bin/cc CMakeFiles/cmTC_1dc60.dir/CheckIncludeFile.c.o -o cmTC_1dc60 
gmake[1]: Leaving directory '/home/pi/Workspace/BlockChain/3rdParty/leveldb-1.22/CMakeFiles/CMakeTmp'



Determining if the fdatasync exist passed with the following output:
Change Dir: /home/pi/Workspace/BlockChain/3rdParty/leveldb-1.22/CMakeFiles/CMakeTmp

Run Build Command(s):/usr/bin/gmake cmTC_06037/fast && /usr/bin/gmake  -f CMakeFiles/cmTC_06037.dir/build.make CMakeFiles/cmTC_06037.dir/build
gmake[1]: Entering directory '/home/pi/Workspace/BlockChain/3rdParty/leveldb-1.22/CMakeFiles/CMakeTmp'
Building CXX object CMakeFiles/cmTC_06037.dir/CheckSymbolExists.cxx.o
/usr/bin/c++   -std=c++11 -o CMakeFiles/cmTC_06037.dir/CheckSymbolExists.cxx.o -c /home/pi/Workspace/BlockChain/3rdParty/leveldb-1.22/CMakeFiles/CMakeTmp/CheckSymbolExists.cxx
Linking CXX executable cmTC_06037
/usr/bin/cmake -E cmake_link_script CMakeFiles/cmTC_06037.dir/link.txt --verbose=1
/usr/bin/c++ CMakeFiles/cmTC_06037.dir/CheckSymbolExists.cxx.o -o cmTC_06037 
gmake[1]: Leaving directory '/home/pi/Workspace/BlockChain/3rdParty/leveldb-1.22/CMakeFiles/CMakeTmp'


File /home/pi/Workspace/BlockChain/3rdParty/leveldb-1.22/CMakeFiles/CMakeTmp/CheckSymbolExists.cxx:
/* */
#include <unistd.h>

int main(int argc, char** argv)
{
  (void)argv;
#ifndef fdatasync
  return ((int*)(&fdatasync))[argc];
#else
  (void)argc;
  return 0;
#endif
}
Performing C++ SOURCE FILE Test HAVE_CXX17_HAS_INCLUDE succeeded with the following output:
Change Dir: /home/pi/Workspace/BlockChain/3rdParty/leveldb-1.22/CMakeFiles/CMakeTmp

Run Build Command(s):/usr/bin/gmake cmTC_e31a6/fast && /usr/bin/gmake  -f CMakeFiles/cmTC_e31a6.dir/build.make CMakeFiles/cmTC_e31a6.dir/build
gmake[1]: Entering directory '/home/pi/Workspace/BlockChain/3rdParty/leveldb-1.22/CMakeFiles/CMakeTmp'
Building CXX object CMakeFiles/cmTC_e31a6.dir/src.cxx.o
/usr/bin/c++   -DHAVE_CXX17_HAS_INCLUDE -std=c++11 -o CMakeFiles/cmTC_e31a6.dir/src.cxx.o -c /home/pi/Workspace/BlockChain/3rdParty/leveldb-1.22/CMakeFiles/CMakeTmp/src.cxx
Linking CXX executable cmTC_e31a6
/usr/bin/cmake -E cmake_link_script CMakeFiles/cmTC_e31a6.dir/link.txt --verbose=1
/usr/bin/c++  -DHAVE_CXX17_HAS_INCLUDE CMakeFiles/cmTC_e31a6.dir/src.cxx.o -o cmTC_e31a6 
gmake[1]: Leaving directory '/home/pi/Workspace/BlockChain/3rdParty/leveldb-1.22/CMakeFiles/CMakeTmp'


Source file was:

#if defined(__has_include) &&  __has_include(<string>)
#include <string>
#endif
int main() { std::string str; return 0; }

Determining if the include file pthread.h exists passed with the following output:
Change Dir: /home/pi/Workspace/BlockChain/3rdParty/leveldb-1.22/CMakeFiles/CMakeTmp

Run Build Command(s):/usr/bin/gmake cmTC_60821/fast && /usr/bin/gmake  -f CMakeFiles/cmTC_60821.dir/build.make CMakeFiles/cmTC_60821.dir/build
gmake[1]: Entering directory '/home/pi/Workspace/BlockChain/3rdParty/leveldb-1.22/CMakeFiles/CMakeTmp'
Building C object CMakeFiles/cmTC_60821.dir/CheckIncludeFile.c.o
/usr/bin/cc   -std=c11 -o CMakeFiles/cmTC_60821.dir/CheckIncludeFile.c.o -c /home/pi/Workspace/BlockChain/3rdParty/leveldb-1.22/CMakeFiles/CMakeTmp/CheckIncludeFile.c
Linking C executable cmTC_60821
/usr/bin/cmake -E cmake_link_script CMakeFiles/cmTC_60821.dir/link.txt --verbose=1
/usr/bin/cc CMakeFiles/cmTC_60821.dir/CheckIncludeFile.c.o -o cmTC_60821 
gmake[1]: Leaving directory '/home/pi/Workspace/BlockChain/3rdParty/leveldb-1.22/CMakeFiles/CMakeTmp'



Determining if the function pthread_create exists in the pthread passed with the following output:
Change Dir: /home/pi/Workspace/BlockChain/3rdParty/leveldb-1.22/CMakeFiles/CMakeTmp

Run Build Command(s):/usr/bin/gmake cmTC_eaff4/fast && /usr/bin/gmake  -f CMakeFiles/cmTC_eaff4.dir/build.make CMakeFiles/cmTC_eaff4.dir/build
gmake[1]: Entering directory '/home/pi/Workspace/BlockChain/3rdParty/leveldb-1.22/CMakeFiles/CMakeTmp'
Building C object CMakeFiles/cmTC_eaff4.dir/CheckFunctionExists.c.o
/usr/bin/cc   -DCHECK_FUNCTION_EXISTS=pthread_create -std=c11 -o CMakeFiles/cmTC_eaff4.dir/CheckFunctionExists.c.o -c /usr/share/cmake-3.18/Modules/CheckFunctionExists.c
Linking C executable cmTC_eaff4
/usr/bin/cmake -E cmake_link_script CMakeFiles/cmTC_eaff4.dir/link.txt --verbose=1
/usr/bin/cc  -DCHECK_FUNCTION_EXISTS=pthread_create CMakeFiles/cmTC_eaff4.dir/CheckFunctionExists.c.o -o cmTC_eaff4  -lpthread 
gmake[1]: Leaving directory '/home/pi/Workspace/BlockChain/3rdParty/leveldb-1.22/CMakeFiles/CMakeTmp'



The system is: Linux - 6.6.62+rpt-rpi-2712 - aarch64
Compiling the C compiler identification source file "CMakeCCompilerId.c" succeeded.
Compiler: /usr/bin/cc 
Build flags: 
Id flags:  

The output was:
0


Compilation of the C compiler identification source "CMakeCCompilerId.c" produced "a.out"

The C compiler identification is GNU, found in "/home/pi/Workspace/Blockchain/Chesscoin-Dev-raspberry-pi5/src/leveldb-rpi/CMakeFiles/3.25.1/CompilerIdC/a.out"

Compiling the CXX compiler identification source file "CMakeCXXCompilerId.cpp" succeeded.
Compiler: /usr/bin/c++ 
Build flags: 
Id flags:  

The output was:
0


Compilation of the CXX compiler identification source "CMakeCXXCompilerId.cpp" produced "a.out"

The CXX compiler identification is GNU, found in "/home/pi/Workspace/Blockchain/Chesscoin-Dev-raspberry-pi5/src/leveldb-rpi/CMakeFiles/3.25.1/CompilerIdCXX/a.out"

Detecting C compiler ABI info compiled with the following output:
Change Dir: /home/pi/Workspace/Blockchain/Chesscoin-Dev-raspberry-pi5/src/leveldb-rpi/CMakeFiles/CMakeScratch/TryCompile-zdT3wB

Run Build Command(s):/usr/bin/gmake -f Makefile cmTC_7463e/fast && /usr/bin/gmake  -f CMakeFiles/cmTC_7463e.dir/build.make CMakeFiles/cmTC_7463e.dir/build
gmake[1]: Entering directory '/home/pi/Workspace/Blockchain/Chesscoin-Dev-raspberry-pi5/src/leveldb-rpi/CMakeFiles/CMakeScratch/TryCompile-zdT3wB'
Building C object CMakeFiles/cmTC_7463e.dir/CMakeCCompilerABI.c.o
/usr/bin/cc   -v -o CMakeFiles/cmTC_7463e.dir/CMakeCCompilerABI.c.o -c /usr/share/cmake-3.25/Modules/CMakeCCompilerABI.c
Using built-in specs.
COLLECT_GCC=/usr/bin/cc
Target: aarch64-linux-gnu
Configured with: ../src/configure -v --with-pkgversion='Debian 12.2.0-14' --with-bugurl=file:///usr/share/doc/gcc-12/README.Bugs --enable-languages=c,ada,c++,go,d,fortran,objc,obj-c++,m2 --prefix=/usr --with-gcc-major-version-only --program-suffix=-12 --program-prefix=aarch64-linux-gnu- --enable-shared --enable-linker-build-id --libexecdir=/usr/lib --without-included-gettext --enable-threads=posix --libdir=/usr/lib --enable-nls --enable-clocale=gnu --enable-libstdcxx-debug --enable-libstdcxx-time=yes --with-default-libstdcxx-abi=new --enable-gnu-unique-object --disable-libquadmath --disable-libquadmath-support --enable-plugin --enable-default-pie --with-system-zlib --enable-libphobos-checking=release --with-target-system-zlib=auto --enable-objc-gc=auto --enable-multiarch --enable-fix-cortex-a53-843419 --disable-werror --enable-checking=release --build=aarch64-linux-gnu --host=aarch64-linux-gnu --target=aarch64-linux-gnu
Thread model: posix
Supported LTO compression algorithms: zlib zstd
gcc version 12.2.0 (Debian 12.2.0-14) 
COLLECT_GCC_OPTIONS='-v' '-o' 'CMakeFiles/cmTC_7463e.dir/CMakeCCompilerABI.c.o' '-c' '-mlittle-endian' '-mabi=lp64' '-dumpdir' 'CMakeFiles/cmTC_7463e.dir/'
 /usr/lib/gcc/aarch64-linux-gnu/12/cc1 -quiet -v -imultiarch aarch64-linux-gnu /usr/share/cmake-3.25/Modules/CMakeCCompilerABI.c -quiet -dumpdir CMakeFiles/cmTC_7463e.dir/ -dumpbase CMakeCCompilerABI.c.c -dumpbase-ext .c -mlittle-endian -mabi=lp64 -version -fasynchronous-unwind-tables -o /tmp/ccX5YiKP.s
GNU C17 (Debian 12.2.0-14) version 12.2.0 (aarch64-linux-gnu)
	compiled by GNU C version 12.2.0, GMP version 6.2.1, MPFR version 4.1.1-p1, MPC version 1.3.1, isl version isl-0.25-GMP

warning: MPFR header version 4.1.1-p1 differs from library version 4.2.0.
GGC heuristics: --param ggc-min-expand=100 --param ggc-min-heapsize=131072
ignoring nonexistent directory "/usr/local/include/aarch64-linux-gnu"
ignoring nonexistent directory "/usr/lib/gcc/aarch64-linux-gnu/12/include-fixed"
ignoring nonexistent directory "/usr/lib/gcc/aarch64-linux-gnu/12/../../../../aarch64-linux-gnu/include"
#include "..." search starts here:
#include <...> search starts here:
 /usr/lib/gcc/aarch64-linux-gnu/12/include
 /usr/local/include
 /usr/include/aarch64-linux-gnu
 /usr/include
End of search list.
GNU C17 (Debian 12.2.0-14) version 12.2.0 (aarch64-linux-gnu)
	compiled by GNU C version 12.2.0, GMP version 6.2.1, MPFR version 4.1.1-p1, MPC version 1.3.1, isl version isl-0.25-GMP

warning: MPFR header version 4.1.1-p1 differs from library version 4.2.0.
GGC heuristics: --param ggc-min-expand=100 --param ggc-min-heapsize=131072
Compiler executable checksum: f1bacec099212325d0da3c77e1f38897
COLLECT_GCC_OPTIONS='-v' '-o' 'CMakeFiles/cmTC_7463e.dir/CMakeCCompilerABI.c.o' '-c' '-mlittle-endian' '-mabi=lp64' '-dumpdir' 'CMakeFiles/cmTC_7463e.dir/'
 as -v -EL -mabi=lp64 -o CMakeFiles/cmTC_7463e.dir/CMakeCCompilerABI.c.o /tmp/ccX5YiKP.s
GNU assembler version 2.40 (aarch64-linux-gnu) using BFD version (GNU Binutils for Debian) 2.40
COMPILER_PATH=/usr/lib/gcc/aarch64-linux-gnu/12/:/usr/lib/gcc/aarch64-linux-gnu/12/:/usr/lib/gcc/aarch64-linux-gnu/:/usr/lib/gcc/aarch64-linux-gnu/12/:/usr/lib/gcc/aarch64-linux-gnu/
LIBRARY_PATH=/usr/lib/gcc/aarch64-linux-gnu/12/:/usr/lib/gcc/aarch64-linux-gnu/12/../../../aarch64-linux-gnu/:/usr/lib/gcc/aarch64-linux-gnu/12/../../../../lib/:/lib/aarch64-linux-gnu/:/lib/../lib/:/usr/lib/aarch64-linux-gnu/:/usr/lib/../lib/:/usr/lib/gcc/aarch64-linux-gnu/12/../../../:/lib/:/usr/lib/
COLLECT_GCC_OPTIONS='-v' '-o' 'CMakeFiles/cmTC_7463e.dir/CMakeCCompilerABI.c.o' '-c' '-mlittle-endian' '-mabi=lp64' '-dumpdir' 'CMakeFiles/cmTC_7463e.dir/CMakeCCompilerABI.c.'
Linking C executable cmTC_7463e
/usr/bin/cmake -E cmake_link_script CMakeFiles/cmTC_7463e.dir/link.txt --verbose=1
/usr/bin/cc  -v CMakeFiles/cmTC_7463e.dir/CMakeCCompilerABI.c.o -o cmTC_7463e 
Using built-in specs.
COLLECT_GCC=/usr/bin/cc
COLLECT_LTO_WRAPPER=/usr/lib/gcc/aarch64-linux-gnu/12/lto-wrapper
Target: aarch64-linux-gnu
Configured with: ../src/configure -v --with-pkgversion='Debian 12.2.0-14' --with-bugurl=file:///usr/share/doc/gcc-12/README.Bugs --enable-languages=c,ada,c++,go,d,fortran,objc,obj-c++,m2 --prefix=/usr --with-gcc-major-version-only --program-suffix=-12 --program-prefix=aarch64-linux-gnu- --enable-shared --enable-linker-build-id --libexecdir=/usr/lib --without-included-gettext --enable-threads=posix --libdir=/usr/lib --enable-nls --enable-clocale=gnu --enable-libstdcxx-debug --enable-libstdcxx-time=yes --with-default-libstdcxx-abi=new --enable-gnu-unique-object --disable-libquadmath --disable-libquadmath-support --enable-plugin --enable-default-pie --with-system-zlib --enable-libphobos-checking=release --with-target-system-zlib=auto --enable-objc-gc=auto --enable-multiarch --enable-fix-cortex-a53-843419 --disable-werror --enable-checking=release --build=aarch64-linux-gnu --host=aarch64-linux-gnu --target=aarch64-linux-gnu
Thread model: posix
Supported LTO compression algorithms: zlib zstd
gcc version 12.2.0 (Debian 12.2.0-14) 
COMPILER_PATH=/usr/lib/gcc/aarch64-linux-gnu/12/:/usr/lib/gcc/aarch64-linux-gnu/12/:/usr/lib/gcc/aarch64-linux-gnu/:/usr/lib/gcc/aarch64-linux-gnu/12/:/usr/lib/gcc/aarch64-linux-gnu/
LIBRARY_PATH=/usr/lib/gcc/aarch64-linux-gnu/12/:/usr/lib/gcc/aarch64-linux-gnu/12/../../../aarch64-linux-gnu/:/usr/lib/gcc/aarch64-linux-gnu/12/../../../../lib/:/lib/aarch64-linux-gnu/:/lib/../lib/:/usr/lib/aarch64-linux-gnu/:/usr/lib/../lib/:/usr/lib/gcc/aarch64-linux-gnu/12/../../../:/lib/:/usr/lib/
COLLECT_GCC_OPTIONS='-v' '-o' 'cmTC_7463e' '-mlittle-endian' '-mabi=lp64' '-dumpdir' 'cmTC_7463e.'
 /usr/lib/gcc/aarch64-linux-gnu/12/collect2 -plugin /usr/lib/gcc/aarch64-linux-gnu/12/liblto_plugin.so -plugin-opt=/usr/lib/gcc/aarch64-linux-gnu/12/lto-wrapper -plugin-opt=-fresolution=/tmp/cc19UYus.res -plugin-opt=-pass-through=-lgcc -plugin-opt=-pass-through=-lgcc_s -plugin-opt=-pass-through=-lc -plugin-opt=-pass-through=-lgcc -plugin-opt=-pass-through=-lgcc_s --build-id --eh-frame-hdr --hash-style=gnu --as-needed -dynamic-linker /lib/ld-linux-aarch64.so.1 -X -EL -maarch64linux --fix-cortex-a53-843419 -pie -o cmTC_7463e /usr/lib/gcc/aarch64-linux-gnu/12/../../../aarch64-linux-gnu/Scrt1.o /usr/lib/gcc/aarch64-linux-gnu/12/../../../aarch64-linux-gnu/crti.o /usr/lib/gcc/aarch64-linux-gnu/12/crtbeginS.o -L/usr/lib/gcc/aarch64-linux-gnu/12 -L/usr/lib/gcc/aarch64-linux-gnu/12/../../../aarch64-linux-gnu -L/usr/lib/gcc/aarch64-linux-gnu/12/../../../../lib -L/lib/aarch64-linux-gnu -L/lib/../lib -L/usr/lib/aarch64-linux-gnu -L/usr/lib/../lib -L/usr/lib/gcc/aarch64-linux-gnu/12/../../.. CMakeFiles/cmTC_7463e.dir/CMakeCCompilerABI.c.o -lgcc --push-state --as-needed -lgcc_s --pop-state -lc -lgcc --push-state --as-needed -lgcc_s --pop-state /usr/lib/gcc/aarch64-linux-gnu/12/crtendS.o /usr/lib/gcc/aarch64-linux-gnu/12/../../../aarch64-linux-gnu/crtn.o
COLLECT_GCC_OPTIONS='-v' '-o' 'cmTC_7463e' '-mlittle-endian' '-mabi=lp64' '-dumpdir' 'cmTC_7463e.'
gmake[1]: Leaving directory '/home/pi/Workspace/Blockchain/Chesscoin-Dev-raspberry-pi5/src/leveldb-rpi/CMakeFiles/CMakeScratch/TryCompile-zdT3wB'



Parsed C implicit include dir info from above output: rv=done
  found start of include info
  found start of implicit include info
    add: [/usr/lib/gcc/aarch64-linux-gnu/12/include]
    add: [/usr/local/include]
    add: [/usr/include/aarch64-linux-gnu]
    add: [/usr/include]
  end of search list found
  collapse include dir [/usr/lib/gcc/aarch64-linux-gnu/12/include] ==> [/usr/lib/gcc/aarch64-linux-gnu/12/include]
  collapse include dir [/usr/local/include] ==> [/usr/local/include]
  collapse include dir [/usr/include/aarch64-linux-gnu] ==> [/usr/include/aarch64-linux-gnu]
  collapse include dir [/usr/include] ==> [/usr/include]
  implicit include dirs: [/usr/lib/gcc/aarch64-linux-gnu/12/include;/usr/local/include;/usr/include/aarch64-linux-gnu;/usr/include]


Parsed C implicit link information from above output:
  link line regex: [^( *|.*[/\])(ld|CMAKE_LINK_STARTFILE-NOTFOUND|([^/\]+-)?ld|collect2)[^/\]*( |$)]
  ignore line: [Change Dir: /home/pi/Workspace/Blockchain/Chesscoin-Dev-raspberry-pi5/src/leveldb-rpi/CMakeFiles/CMakeScratch/TryCompile-zdT3wB]
  ignore line: []
  ignore line: [Run Build Command(s):/usr/bin/gmake -f Makefile cmTC_7463e/fast && /usr/bin/gmake  -f CMakeFiles/cmTC_7463e.dir/build.make CMakeFiles/cmTC_7463e.dir/build]
  ignore line: [gmake[1]: Entering directory '/home/pi/Workspace/Blockchain/Chesscoin-Dev-raspberry-pi5/src/leveldb-rpi/CMakeFiles/CMakeScratch/TryCompile-zdT3wB']
  ignore line: [Building C object CMakeFiles/cmTC_7463e.dir/CMakeCCompilerABI.c.o]
  ignore line: [/usr/bin/cc   -v -o CMakeFiles/cmTC_7463e.dir/CMakeCCompilerABI.c.o -c /usr/share/cmake-3.25/Modules/CMakeCCompilerABI.c]
  ignore line: [Using built-in specs.]
  ignore line: [COLLECT_GCC=/usr/bin/cc]
  ignore line: [Target: aarch64-linux-gnu]
  ignore line: [Configured with: ../src/configure -v --with-pkgversion='Debian 12.2.0-14' --with-bugurl=file:///usr/share/doc/gcc-12/README.Bugs --enable-languages=c ada c++ go d fortran objc obj-c++ m2 --prefix=/usr --with-gcc-major-version-only --program-suffix=-12 --program-prefix=aarch64-linux-gnu- --enable-shared --enable-linker-build-id --libexecdir=/usr/lib --without-included-gettext --enable-threads=posix --libdir=/usr/lib --enable-nls --enable-clocale=gnu --enable-libstdcxx-debug --enable-libstdcxx-time=yes --with-default-libstdcxx-abi=new --enable-gnu-unique-object --disable-libquadmath --disable-libquadmath-support --enable-plugin --enable-default-pie --with-system-zlib --enable-libphobos-checking=release --with-target-system-zlib=auto --enable-objc-gc=auto --enable-multiarch --enable-fix-cortex-a53-843419 --disable-werror --enable-checking=release --build=aarch64-linux-gnu --host=aarch64-linux-gnu --target=aarch64-linux-gnu]
  ignore line: [Thread model: posix]
  ignore line: [Supported LTO compression algorithms: zlib zstd]
  ignore line: [gcc version 12.2.0 (Debian 12.2.0-14) ]
  ignore line: [COLLECT_GCC_OPTIONS='-v' '-o' 'CMakeFiles/cmTC_7463e.dir/CMakeCCompilerABI.c.o' '-c' '-mlittle-endian' '-mabi=lp64' '-dumpdir' 'CMakeFiles/cmTC_7463e.dir/']
  ignore line: [ /usr/lib/gcc/aarch64-linux-gnu/12/cc1 -quiet -v -imultiarch aarch64-linux-gnu /usr/share/cmake-3.25/Modules/CMakeCCompilerABI.c -quiet -dumpdir CMakeFiles/cmTC_7463e.dir/ -dumpbase CMakeCCompilerABI.c.c -dumpbase-ext .c -mlittle-endian -mabi=lp64 -version -fasynchronous-unwind-tables -o /tmp/ccX5YiKP.s]
  ignore line: [GNU C17 (Debian 12.2.0-14) version 12.2.0 (aarch64-linux-gnu)]
  ignore line: [	compiled by GNU C version 12.2.0  GMP version 6.2.1  MPFR version 4.1.1-p1  MPC version 1.3.1  isl version isl-0.25-GMP]
  ignore line: []
  ignore line: [warning: MPFR header version 4.1.1-p1 differs from library version 4.2.0.]
  ignore line: [GGC heuristics: --param ggc-min-expand=100 --param ggc-min-heapsize=131072]
  ignore line: [ignoring nonexistent directory "/usr/local/include/aarch64-linux-gnu"]
  ignore line: [ignoring nonexistent directory "/usr/lib/gcc/aarch64-linux-gnu/12/include-fixed"]
  ignore line: [ignoring nonexistent directory "/usr/lib/gcc/aarch64-linux-gnu/12/../../../../aarch64-linux-gnu/include"]
  ignore line: [#include "..." search starts here:]
  ignore line: [#include <...> search starts here:]
  ignore line: [ /usr/lib/gcc/aarch64-linux-gnu/12/include]
  ignore line: [ /usr/local/include]
  ignore line: [ /usr/include/aarch64-linux-gnu]
  ignore line: [ /usr/include]
  ignore line: [End of search list.]
  ignore line: [GNU C17 (Debian 12.2.0-14) version 12.2.0 (aarch64-linux-gnu)]
  ignore line: [	compiled by GNU C version 12.2.0  GMP version 6.2.1  MPFR version 4.1.1-p1  MPC version 1.3.1  isl version isl-0.25-GMP]
  ignore line: []
  ignore line: [warning: MPFR header version 4.1.1-p1 differs from library version 4.2.0.]
  ignore line: [GGC heuristics: --param ggc-min-expand=100 --param ggc-min-heapsize=131072]
  ignore line: [Compiler executable checksum: f1bacec099212325d0da3c77e1f38897]
  ignore line: [COLLECT_GCC_OPTIONS='-v' '-o' 'CMakeFiles/cmTC_7463e.dir/CMakeCCompilerABI.c.o' '-c' '-mlittle-endian' '-mabi=lp64' '-dumpdir' 'CMakeFiles/cmTC_7463e.dir/']
  ignore line: [ as -v -EL -mabi=lp64 -o CMakeFiles/cmTC_7463e.dir/CMakeCCompilerABI.c.o /tmp/ccX5YiKP.s]
  ignore line: [GNU assembler version 2.40 (aarch64-linux-gnu) using BFD version (GNU Binutils for Debian) 2.40]
  ignore line: [COMPILER_PATH=/usr/lib/gcc/aarch64-linux-gnu/12/:/usr/lib/gcc/aarch64-linux-gnu/12/:/usr/lib/gcc/aarch64-linux-gnu/:/usr/lib/gcc/aarch64-linux-gnu/12/:/usr/lib/gcc/aarch64-linux-gnu/]
  ignore line: [LIBRARY_PATH=/usr/lib/gcc/aarch64-linux-gnu/12/:/usr/lib/gcc/aarch64-linux-gnu/12/../../../aarch64-linux-gnu/:/usr/lib/gcc/aarch64-linux-gnu/12/../../../../lib/:/lib/aarch64-linux-gnu/:/lib/../lib/:/usr/lib/aarch64-linux-gnu/:/usr/lib/../lib/:/usr/lib/gcc/aarch64-linux-gnu/12/../../../:/lib/:/usr/lib/]
  ignore line: [COLLECT_GCC_OPTIONS='-v' '-o' 'CMakeFiles/cmTC_7463e.dir/CMakeCCompilerABI.c.o' '-c' '-mlittle-endian' '-mabi=lp64' '-dumpdir' 'CMakeFiles/cmTC_7463e.dir/CMakeCCompilerABI.c.']
  ignore line: [Linking C executable cmTC_7463e]
  ignore line: [/usr/bin/cmake -E cmake_link_script CMakeFiles/cmTC_7463e.dir/link.txt --verbose=1]
  ignore line: [/usr/bin/cc  -v CMakeFiles/cmTC_7463e.dir/CMakeCCompilerABI.c.o -o cmTC_7463e ]
  ignore line: [Using built-in specs.]
  ignore line: [COLLECT_GCC=/usr/bin/cc]
  ignore line: [COLLECT_LTO_WRAPPER=/usr/lib/gcc/aarch64-linux-gnu/12/lto-wrapper]
  ignore line: [Target: aarch64-linux-gnu]
  ignore line: [Configured with: ../src/configure -v --with-pkgversion='Debian 12.2.0-14' --with-bugurl=file:///usr/share/doc/gcc-12/README.Bugs --enable-languages=c ada c++ go d fortran objc obj-c++ m2 --prefix=/usr --with-gcc-major-version-only --program-suffix=-12 --program-prefix=aarch64-linux-gnu- --enable-shared --enable-linker-build-id --libexecdir=/usr/lib --without-included-gettext --enable-threads=posix --libdir=/usr/lib --enable-nls --enable-clocale=gnu --enable-libstdcxx-debug --enable-libstdcxx-time=yes --with-default-libstdcxx-abi=new --enable-gnu-unique-object --disable-libquadmath --disable-libquadmath-support --enable-plugin --enable-default-pie --with-system-zlib --enable-libphobos-checking=release --with-target-system-zlib=auto --enable-objc-gc=auto --enable-multiarch --enable-fix-cortex-a53-843419 --disable-werror --enable-checking=release --build=aarch64-linux-gnu --host=aarch64-linux-gnu --target=aarch64-linux-gnu]
  ignore line: [Thread model: posix]
  ignore line: [Supported LTO compression algorithms: zlib zstd]
  ignore line: [gcc version 12.2.0 (Debian 12.2.0-14) ]
  ignore line: [COMPILER_PATH=/usr/lib/gcc/aarch64-linux-gnu/12/:/usr/lib/gcc/aarch64-linux-gnu/12/:/usr/lib/gcc/aarch64-linux-gnu/:/usr/lib/gcc/aarch64-linux-gnu/12/:/usr/lib/gcc/aarch64-linux-gnu/]
  ignore line: [LIBRARY_PATH=/usr/lib/gcc/aarch64-linux-gnu/12/:/usr/lib/gcc/aarch64-linux-gnu/12/../../../aarch64-linux-gnu/:/usr/lib/gcc/aarch64-linux-gnu/12/../../../../lib/:/lib/aarch64-linux-gnu/:/lib/../lib/:/usr/lib/aarch64-linux-gnu/:/usr/lib/../lib/:/usr/lib/gcc/aarch64-linux-gnu/12/../../../:/lib/:/usr/lib/]
  ignore line: [COLLECT_GCC_OPTIONS='-v' '-o' 'cmTC_7463e' '-mlittle-endian' '-mabi=lp64' '-dumpdir' 'cmTC_7463e.']
  link line: [ /usr/lib/gcc/aarch64-linux-gnu/12/collect2 -plugin /usr/lib/gcc/aarch64-linux-gnu/12/liblto_plugin.so -plugin-opt=/usr/lib/gcc/aarch64-linux-gnu/12/lto-wrapper -plugin-opt=-fresolution=/tmp/cc19UYus.res -plugin-opt=-pass-through=-lgcc -plugin-opt=-pass-through=-lgcc_s -plugin-opt=-pass-through=-lc -plugin-opt=-pass-through=-lgcc -plugin-opt=-pass-through=-lgcc_s --build-id --eh-frame-hdr --hash-style=gnu --as-needed -dynamic-linker /lib/ld-linux-aarch64.so.1 -X -EL -maarch64linux --fix-cortex-a53-843419 -pie -o cmTC_7463e /usr/lib/gcc/aarch64-linux-gnu/12/../../../aarch64-linux-gnu/Scrt1.o /usr/lib/gcc/aarch64-linux-gnu/12/../../../aarch64-linux-gnu/crti.o /usr/lib/gcc/aarch64-linux-gnu/12/crtbeginS.o -L/usr/lib/gcc/aarch64-linux-gnu/12 -L/usr/lib/gcc/aarch64-linux-gnu/12/../../../aarch64-linux-gnu -L/usr/lib/gcc/aarch64-linux-gnu/12/../../../../lib -L/lib/aarch64-linux-gnu -L/lib/../lib -L/usr/lib/aarch64-linux-gnu -L/usr/lib/../lib -L/usr/lib/gcc/aarch64-linux-gnu/12/../../.. CMakeFiles/cmTC_7463e.dir/CMakeCCompilerABI.c.o -lgcc --push-state --as-needed -lgcc_s --pop-state -lc -lgcc --push-state --as-needed -lgcc_s --pop-state /usr/lib/gcc/aarch64-linux-gnu/12/crtendS.o /usr/lib/gcc/aarch64-linux-gnu/12/../../../aarch64-linux-gnu/crtn.o]
    arg [/usr/lib/gcc/aarch64-linux-gnu/12/collect2] ==> ignore
    arg [-plugin] ==> ignore
    arg [/usr/lib/gcc/aarch64-linux-gnu/12/liblto_plugin.so] ==> ignore
    arg [-plugin-opt=/usr/lib/gcc/aarch64-linux-gnu/12/lto-wrapper] ==> ignore
    arg [-plugin-opt=-fresolution=/tmp/cc19UYus.res] ==> ignore
    arg [-plugin-opt=-pass-through=-lgcc] ==> ignore
    arg [-plugin-opt=-pass-through=-lgcc_s] ==> ignore
    arg [-plugin-opt=-pass-through=-lc] ==> ignore
    arg [-plugin-opt=-pass-through=-lgcc] ==> ignore
    arg [-plugin-opt=-pass-through=-lgcc_s] ==> ignore
    arg [--build-id] ==> ignore
    arg [--eh-frame-hdr] ==> ignore
    arg [--hash-style=gnu] ==> ignore
    arg [--as-needed] ==> ignore
    arg [-dynamic-linker] ==> ignore
    arg [/lib/ld-linux-aarch64.so.1] ==> ignore
    arg [-X] ==> ignore
    arg [-EL] ==> ignore
    arg [-maarch64linux] ==> ignore
    arg [--fix-cortex-a53-843419] ==> ignore
    arg [-pie] ==> ignore
    arg [-o] ==> ignore
    arg [cmTC_7463e] ==> ignore
    arg [/usr/lib/gcc/aarch64-linux-gnu/12/../../../aarch64-linux-gnu/Scrt1.o] ==> obj [/usr/lib/gcc/aarch64-linux-gnu/12/../../../aarch64-linux-gnu/Scrt1.o]
    arg [/usr/lib/gcc/aarch64-linux-gnu/12/../../../aarch64-linux-gnu/crti.o] ==> obj [/usr/lib/gcc/aarch64-linux-gnu/12/../../../aarch64-linux-gnu/crti.o]
    arg [/usr/lib/gcc/aarch64-linux-gnu/12/crtbeginS.o] ==> obj [/usr/lib/gcc/aarch64-linux-gnu/12/crtbeginS.o]
    arg [-L/usr/lib/gcc/aarch64-linux-gnu/12] ==> dir [/usr/lib/gcc/aarch64-linux-gnu/12]
    arg [-L/usr/lib/gcc/aarch64-linux-gnu/12/../../../aarch64-linux-gnu] ==> dir [/usr/lib/gcc/aarch64-linux-gnu/12/../../../aarch64-linux-gnu]
    arg [-L/usr/lib/gcc/aarch64-linux-gnu/12/../../../../lib] ==> dir [/usr/lib/gcc/aarch64-linux-gnu/12/../../../../lib]
    arg [-L/lib/aarch64-linux-gnu] ==> dir [/lib/aarch64-linux-gnu]
    arg [-L/lib/../lib] ==> dir [/lib/../lib]
    arg [-L/usr/lib/aarch64-linux-gnu] ==> dir [/usr/lib/aarch64-linux-gnu]
    arg [-L/usr/lib/../lib] ==> dir [/usr/lib/../lib]
    arg [-L/usr/lib/gcc/aarch64-linux-gnu/12/../../..] ==> dir [/usr/lib/gcc/aarch64-linux-gnu/12/../../..]
    arg [CMakeFiles/cmTC_7463e.dir/CMakeCCompilerABI.c.o] ==> ignore
    arg [-lgcc] ==> lib [gcc]
    arg [--push-state] ==> ignore
    arg [--as-needed] ==> ignore
    arg [-lgcc_s] ==> lib [gcc_s]
    arg [--pop-state] ==> ignore
    arg [-lc] ==> lib [c]
    arg [-lgcc] ==> lib [gcc]
    arg [--push-state] ==> ignore
    arg [--as-needed] ==> ignore
    arg [-lgcc_s] ==> lib [gcc_s]
    arg [--pop-state] ==> ignore
    arg [/usr/lib/gcc/aarch64-linux-gnu/12/crtendS.o] ==> obj [/usr/lib/gcc/aarch64-linux-gnu/12/crtendS.o]
    arg [/usr/lib/gcc/aarch64-linux-gnu/12/../../../aarch64-linux-gnu/crtn.o] ==> obj [/usr/lib/gcc/aarch64-linux-gnu/12/../../../aarch64-linux-gnu/crtn.o]
  collapse obj [/usr/lib/gcc/aarch64-linux-gnu/12/../../../aarch64-linux-gnu/Scrt1.o] ==> [/usr/lib/aarch64-linux-gnu/Scrt1.o]
  collapse obj [/usr/lib/gcc/aarch64-linux-gnu/12/../../../aarch64-linux-gnu/crti.o] ==> [/usr/lib/aarch64-linux-gnu/crti.o]
  collapse obj [/usr/lib/gcc/aarch64-linux-gnu/12/../../../aarch64-linux-gnu/crtn.o] ==> [/usr/lib/aarch64-linux-gnu/crtn.o]
  collapse library dir [/usr/lib/gcc/aarch64-linux-gnu/12] ==> [/usr/lib/gcc/aarch64-linux-gnu/12]
  collapse library dir [/usr/lib/gcc/aarch64-linux-gnu/12/../../../aarch64-linux-gnu] ==> [/usr/lib/aarch64-linux-gnu]
  collapse library dir [/usr/lib/gcc/aarch64-linux-gnu/12/../../../../lib] ==> [/usr/lib]
  collapse library dir [/lib/aarch64-linux-gnu] ==> [/lib/aarch64-linux-gnu]
  collapse library dir [/lib/../lib] ==> [/lib]
  collapse library dir [/usr/lib/aarch64-linux-gnu] ==> [/usr/lib/aarch64-linux-gnu]
  collapse library dir [/usr/lib/../lib] ==> [/usr/lib]
  collapse library dir [/usr/lib/gcc/aarch64-linux-gnu/12/../../..] ==> [/usr/lib]
  implicit libs: [gcc;gcc_s;c;gcc;gcc_s]
  implicit objs: [/usr/lib/aarch64-linux-gnu/Scrt1.o;/usr/lib/aarch64-linux-gnu/crti.o;/usr/lib/gcc/aarch64-linux-gnu/12/crtbeginS.o;/usr/lib/gcc/aarch64-linux-gnu/12/crtendS.o;/usr/lib/aarch64-linux-gnu/crtn.o]
  implicit dirs: [/usr/lib/gcc/aarch64-linux-gnu/12;/usr/lib/aarch64-linux-gnu;/usr/lib;/lib/aarch64-linux-gnu;/lib]
  implicit fwks: []


Detecting CXX compiler ABI info compiled with the following output:
Change Dir: /home/pi/Workspace/Blockchain/Chesscoin-Dev-raspberry-pi5/src/leveldb-rpi/CMakeFiles/CMakeScratch/TryCompile-809L6A

Run Build Command(s):/usr/bin/gmake -f Makefile cmTC_2dec8/fast && /usr/bin/gmake  -f CMakeFiles/cmTC_2dec8.dir/build.make CMakeFiles/cmTC_2dec8.dir/build
gmake[1]: Entering directory '/home/pi/Workspace/Blockchain/Chesscoin-Dev-raspberry-pi5/src/leveldb-rpi/CMakeFiles/CMakeScratch/TryCompile-809L6A'
Building CXX object CMakeFiles/cmTC_2dec8.dir/CMakeCXXCompilerABI.cpp.o
/usr/bin/c++   -v -o CMakeFiles/cmTC_2dec8.dir/CMakeCXXCompilerABI.cpp.o -c /usr/share/cmake-3.25/Modules/CMakeCXXCompilerABI.cpp
Using built-in specs.
COLLECT_GCC=/usr/bin/c++
Target: aarch64-linux-gnu
Configured with: ../src/configure -v --with-pkgversion='Debian 12.2.0-14' --with-bugurl=file:///usr/share/doc/gcc-12/README.Bugs --enable-languages=c,ada,c++,go,d,fortran,objc,obj-c++,m2 --prefix=/usr --with-gcc-major-version-only --program-suffix=-12 --program-prefix=aarch64-linux-gnu- --enable-shared --enable-linker-build-id --libexecdir=/usr/lib --without-included-gettext --enable-threads=posix --libdir=/usr/lib --enable-nls --enable-clocale=gnu --enable-libstdcxx-debug --enable-libstdcxx-time=yes --with-default-libstdcxx-abi=new --enable-gnu-unique-object --disable-libquadmath --disable-libquadmath-support --enable-plugin --enable-default-pie --with-system-zlib --enable-libphobos-checking=release --with-target-system-zlib=auto --enable-objc-gc=auto --enable-multiarch --enable-fix-cortex-a53-843419 --disable-werror --enable-checking=release --build=aarch64-linux-gnu --host=aarch64-linux-gnu --target=aarch64-linux-gnu
Thread model: posix
Supported LTO compression algorithms: zlib zstd
gcc version 12.2.0 (Debian 12.2.0-14) 
COLLECT_GCC_OPTIONS='-v' '-o' 'CMakeFiles/cmTC_2dec8.dir/CMakeCXXCompilerABI.cpp.o' '-c' '-shared-libgcc' '-mlittle-endian' '-mabi=lp64' '-dumpdir' 'CMakeFiles/cmTC_2dec8.dir/'
 /usr/lib/gcc/aarch64-linux-gnu/12/cc1plus -quiet -v -imultiarch aarch64-linux-gnu -D_GNU_SOURCE /usr/share/cmake-3.25/Modules/CMakeCXXCompilerABI.cpp -quiet -dumpdir CMakeFiles/cmTC_2dec8.dir/ -dumpbase CMakeCXXCompilerABI.cpp.cpp -dumpbase-ext .cpp -mlittle-endian -mabi=lp64 -version -fasynchronous-unwind-tables -o /tmp/ccgihLXK.s
GNU C++17 (Debian 12.2.0-14) version 12.2.0 (aarch64-linux-gnu)
	compiled by GNU C version 12.2.0, GMP version 6.2.1, MPFR version 4.1.1-p1, MPC version 1.3.1, isl version isl-0.25-GMP

warning: MPFR header version 4.1.1-p1 differs from library version 4.2.0.
GGC heuristics: --param ggc-min-expand=100 --param ggc-min-heapsize=131072
ignoring duplicate directory "/usr/include/aarch64-linux-gnu/c++/12"
ignoring nonexistent directory "/usr/local/include/aarch64-linux-gnu"
ignoring nonexistent directory "/usr/lib/gcc/aarch64-linux-gnu/12/include-fixed"
ignoring nonexistent directory "/usr/lib/gcc/aarch64-linux-gnu/12/../../../../aarch64-linux-gnu/include"
#include "..." search starts here:
#include <...> search starts here:
 /usr/include/c++/12
 /usr/include/aarch64-linux-gnu/c++/12
 /usr/include/c++/12/backward
 /usr/lib/gcc/aarch64-linux-gnu/12/include
 /usr/local/include
 /usr/include/aarch64-linux-gnu
 /usr/include
End of search list.
GNU C++17 (Debian 12.2.0-14) version 12.2.0 (aarch64-linux-gnu)
	compiled by GNU C version 12.2.0, GMP version 6.2.1, MPFR version 4.1.1-p1, MPC version 1.3.1, isl version isl-0.25-GMP

warning: MPFR header version 4.1.1-p1 differs from library version 4.2.0.
GGC heuristics: --param ggc-min-expand=100 --param ggc-min-heapsize=131072
Compiler executable checksum: 76d6f14273b9515783c50374b109b352
COLLECT_GCC_OPTIONS='-v' '-o' 'CMakeFiles/cmTC_2dec8.dir/CMakeCXXCompilerABI.cpp.o' '-c' '-shared-libgcc' '-mlittle-endian' '-mabi=lp64' '-dumpdir' 'CMakeFiles/cmTC_2dec8.dir/'
 as -v -EL -mabi=lp64 -o CMakeFiles/cmTC_2dec8.dir/CMakeCXXCompilerABI.cpp.o /tmp/ccgihLXK.s
GNU assembler version 2.40 (aarch64-linux-gnu) using BFD version (GNU Binutils for Debian) 2.40
COMPILER_PATH=/usr/lib/gcc/aarch64-linux-gnu/12/:/usr/lib/gcc/aarch64-linux-gnu/12/:/usr/lib/gcc/aarch64-linux-gnu/:/usr/lib/gcc/aarch64-linux-gnu/12/:/usr/lib/gcc/aarch64-linux-gnu/
LIBRARY_PATH=/usr/lib/gcc/aarch64-linux-gnu/12/:/usr/lib/gcc/aarch64-linux-gnu/12/../../../aarch64-linux-gnu/:/usr/lib/gcc/aarch64-linux-gnu/12/../../../../lib/:/lib/aarch64-linux-gnu/:/lib/../lib/:/usr/lib/aarch64-linux-gnu/:/usr/lib/../lib/:/usr/lib/gcc/aarch64-linux-gnu/12/../../../:/lib/:/usr/lib/
COLLECT_GCC_OPTIONS='-v' '-o' 'CMakeFiles/cmTC_2dec8.dir/CMakeCXXCompilerABI.cpp.o' '-c' '-shared-libgcc' '-mlittle-endian' '-mabi=lp64' '-dumpdir' 'CMakeFiles/cmTC_2dec8.dir/CMakeCXXCompilerABI.cpp.'
Linking CXX executable cmTC_2dec8
/usr/bin/cmake -E cmake_link_script CMakeFiles/cmTC_2dec8.dir/link.txt --verbose=1
/usr/bin/c++  -v CMakeFiles/cmTC_2dec8.dir/CMakeCXXCompilerABI.cpp.o -o cmTC_2dec8 
Using built-in specs.
COLLECT_GCC=/usr/bin/c++
COLLECT_LTO_WRAPPER=/usr/lib/gcc/aarch64-linux-gnu/12/lto-wrapper
Target: aarch64-linux-gnu
Configured with: ../src/configure -v --with-pkgversion='Debian 12.2.0-14' --with-bugurl=file:///usr/share/doc/gcc-12/README.Bugs --enable-languages=c,ada,c++,go,d,fortran,objc,obj-c++,m2 --prefix=/usr --with-gcc-major-version-only --program-suffix=-12 --program-prefix=aarch64-linux-gnu- --enable-shared --enable-linker-build-id --libexecdir=/usr/lib --without-included-gettext --enable-threads=posix --libdir=/usr/lib --enable-nls --enable-clocale=gnu --enable-libstdcxx-debug --enable-libstdcxx-time=yes --with-default-libstdcxx-abi=new --enable-gnu-unique-object --disable-libquadmath --disable-libquadmath-support --enable-plugin --enable-default-pie --with-system-zlib --enable-libphobos-checking=release --with-target-system-zlib=auto --enable-objc-gc=auto --enable-multiarch --enable-fix-cortex-a53-843419 --disable-werror --enable-checking=release --build=aarch64-linux-gnu --host=aarch64-linux-gnu --target=aarch64-linux-gnu
Thread model: posix
Supported LTO compression algorithms: zlib zstd
gcc version 12.2.0 (Debian 12.2.0-14) 
COMPILER_PATH=/usr/lib/gcc/aarch64-linux-gnu/12/:/usr/lib/gcc/aarch64-linux-gnu/12/:/usr/lib/gcc/aarch64-linux-gnu/:/usr/lib/gcc/aarch64-linux-gnu/12/:/usr/lib/gcc/aarch64-linux-gnu/
LIBRARY_PATH=/usr/lib/gcc/aarch64-linux-gnu/12/:/usr/lib/gcc/aarch64-linux-gnu/12/../../../aarch64-linux-gnu/:/usr/lib/gcc/aarch64-linux-gnu/12/../../../../lib/:/lib/aarch64-linux-gnu/:/lib/../lib/:/usr/lib/aarch64-linux-gnu/:/usr/lib/../lib/:/usr/lib/gcc/aarch64-linux-gnu/12/../../../:/lib/:/usr/lib/
COLLECT_GCC_OPTIONS='-v' '-o' 'cmTC_2dec8' '-shared-libgcc' '-mlittle-endian' '-mabi=lp64' '-dumpdir' 'cmTC_2dec8.'
 /usr/lib/gcc/aarch64-linux-gnu/12/collect2 -plugin /usr/lib/gcc/aarch64-linux-gnu/12/liblto_plugin.so -plugin-opt=/usr/lib/gcc/aarch64-linux-gnu/12/lto-wrapper -plugin-opt=-fresolution=/tmp/ccVQ0pg3.res -plugin-opt=-pass-through=-lgcc_s -plugin-opt=-pass-through=-lgcc -plugin-opt=-pass-through=-lc -plugin-opt=-pass-through=-lgcc_s -plugin-opt=-pass-through=-lgcc --build-id --eh-frame-hdr --hash-style=gnu --as-needed -dynamic-linker /lib/ld-linux-aarch64.so.1 -X -EL -maarch64linux --fix-cortex-a53-843419 -pie -o cmTC_2dec8 /usr/lib/gcc/aarch64-linux-gnu/12/../../../aarch64-linux-gnu/Scrt1.o /usr/lib/gcc/aarch64-linux-gnu/12/../../../aarch64-linux-gnu/crti.o /usr/lib/gcc/aarch64-linux-gnu/12/crtbeginS.o -L/usr/lib/gcc/aarch64-linux-gnu/12 -L/usr/lib/gcc/aarch64-linux-gnu/12/../../../aarch64-linux-gnu -L/usr/lib/gcc/aarch64-linux-gnu/12/../../../../lib -L/lib/aarch64-linux-gnu -L/lib/../lib -L/usr/lib/aarch64-linux-gnu -L/usr/lib/../lib -L/usr/lib/gcc/aarch64-linux-gnu/12/../../.. CMakeFiles/cmTC_2dec8.dir/CMakeCXXCompilerABI.cpp.o -lstdc++ -lm -lgcc_s -lgcc -lc -lgcc_s -lgcc /usr/lib/gcc/aarch64-linux-gnu/12/crtendS.o /usr/lib/gcc/aarch64-linux-gnu/12/../../../aarch64-linux-gnu/crtn.o
COLLECT_GCC_OPTIONS='-v' '-o' 'cmTC_2dec8' '-shared-libgcc' '-mlittle-endian' '-mabi=lp64' '-dumpdir' 'cmTC_2dec8.'
gmake[1]: Leaving directory '/home/pi/Workspace/Blockchain/Chesscoin-Dev-raspberry-pi5/src/leveldb-rpi/CMakeFiles/CMakeScratch/TryCompile-809L6A'



Parsed CXX implicit include dir info from above output: rv=done
  found start of include info
  found start of implicit include info
    add: [/usr/include/c++/12]
    add: [/usr/include/aarch64-linux-gnu/c++/12]
    add: [/usr/include/c++/12/backward]
    add: [/usr/lib/gcc/aarch64-linux-gnu/12/include]
    add: [/usr/local/include]
    add: [/usr/include/aarch64-linux-gnu]
    add: [/usr/include]
  end of search list found
  collapse include dir [/usr/include/c++/12] ==> [/usr/include/c++/12]
  collapse include dir [/usr/include/aarch64-linux-gnu/c++/12] ==> [/usr/include/aarch64-linux-gnu/c++/12]
  collapse include dir [/usr/include/c++/12/backward] ==> [/usr/include/c++/12/backward]
  collapse include dir [/usr/lib/gcc/aarch64-linux-gnu/12/include] ==> [/usr/lib/gcc/aarch64-linux-gnu/12/include]
  collapse include dir [/usr/local/include] ==> [/usr/local/include]
  collapse include dir [/usr/include/aarch64-linux-gnu] ==> [/usr/include/aarch64-linux-gnu]
  collapse include dir [/usr/include] ==> [/usr/include]
  implicit include dirs: [/usr/include/c++/12;/usr/include/aarch64-linux-gnu/c++/12;/usr/include/c++/12/backward;/usr/lib/gcc/aarch64-linux-gnu/12/include;/usr/local/include;/usr/include/aarch64-linux-gnu;/usr/include]


Parsed CXX implicit link information from above output:
  link line regex: [^( *|.*[/\])(ld|CMAKE_LINK_STARTFILE-NOTFOUND|([^/\]+-)?ld|collect2)[^/\]*( |$)]
  ignore line: [Change Dir: /home/pi/Workspace/Blockchain/Chesscoin-Dev-raspberry-pi5/src/leveldb-rpi/CMakeFiles/CMakeScratch/TryCompile-809L6A]
  ignore line: []
  ignore line: [Run Build Command(s):/usr/bin/gmake -f Makefile cmTC_2dec8/fast && /usr/bin/gmake  -f CMakeFiles/cmTC_2dec8.dir/build.make CMakeFiles/cmTC_2dec8.dir/build]
  ignore line: [gmake[1]: Entering directory '/home/pi/Workspace/Blockchain/Chesscoin-Dev-raspberry-pi5/src/leveldb-rpi/CMakeFiles/CMakeScratch/TryCompile-809L6A']
  ignore line: [Building CXX object CMakeFiles/cmTC_2dec8.dir/CMakeCXXCompilerABI.cpp.o]
  ignore line: [/usr/bin/c++   -v -o CMakeFiles/cmTC_2dec8.dir/CMakeCXXCompilerABI.cpp.o -c /usr/share/cmake-3.25/Modules/CMakeCXXCompilerABI.cpp]
  ignore line: [Using built-in specs.]
  ignore line: [COLLECT_GCC=/usr/bin/c++]
  ignore line: [Target: aarch64-linux-gnu]
  ignore line: [Configured with: ../src/configure -v --with-pkgversion='Debian 12.2.0-14' --with-bugurl=file:///usr/share/doc/gcc-12/README.Bugs --enable-languages=c ada c++ go d fortran objc obj-c++ m2 --prefix=/usr --with-gcc-major-version-only --program-suffix=-12 --program-prefix=aarch64-linux-gnu- --enable-shared --enable-linker-build-id --libexecdir=/usr/lib --without-included-gettext --enable-threads=posix --libdir=/usr/lib --enable-nls --enable-clocale=gnu --enable-libstdcxx-debug --enable-libstdcxx-time=yes --with-default-libstdcxx-abi=new --enable-gnu-unique-object --disable-libquadmath --disable-libquadmath-support --enable-plugin --enable-default-pie --with-system-zlib --enable-libphobos-checking=release --with-target-system-zlib=auto --enable-objc-gc=auto --enable-multiarch --enable-fix-cortex-a53-843419 --disable-werror --enable-checking=release --build=aarch64-linux-gnu --host=aarch64-linux-gnu --target=aarch64-linux-gnu]
  ignore line: [Thread model: posix]
  ignore line: [Supported LTO compression algorithms: zlib zstd]
  ignore line: [gcc version 12.2.0 (Debian 12.2.0-14) ]
  ignore line: [COLLECT_GCC_OPTIONS='-v' '-o' 'CMakeFiles/cmTC_2dec8.dir/CMakeCXXCompilerABI.cpp.o' '-c' '-shared-libgcc' '-mlittle-endian' '-mabi=lp64' '-dumpdir' 'CMakeFiles/cmTC_2dec8.dir/']
  ignore line: [ /usr/lib/gcc/aarch64-linux-gnu/12/cc1plus -quiet -v -imultiarch aarch64-linux-gnu -D_GNU_SOURCE /usr/share/cmake-3.25/Modules/CMakeCXXCompilerABI.cpp -quiet -dumpdir CMakeFiles/cmTC_2dec8.dir/ -dumpbase CMakeCXXCompilerABI.cpp.cpp -dumpbase-ext .cpp -mlittle-endian -mabi=lp64 -version -fasynchronous-unwind-tables -o /tmp/ccgihLXK.s]
  ignore line: [GNU C++17 (Debian 12.2.0-14) version 12.2.0 (aarch64-linux-gnu)]
  ignore line: [	compiled by GNU C version 12.2.0  GMP version 6.2.1  MPFR version 4.1.1-p1  MPC version 1.3.1  isl version isl-0.25-GMP]
  ignore line: []
  ignore line: [warning: MPFR header version 4.1.1-p1 differs from library version 4.2.0.]
  ignore line: [GGC heuristics: --param ggc-min-expand=100 --param ggc-min-heapsize=131072]
  ignore line: [ignoring duplicate directory "/usr/include/aarch64-linux-gnu/c++/12"]
  ignore line: [ignoring nonexistent directory "/usr/local/include/aarch64-linux-gnu"]
  ignore line: [ignoring nonexistent directory "/usr/lib/gcc/aarch64-linux-gnu/12/include-fixed"]
  ignore line: [ignoring nonexistent directory "/usr/lib/gcc/aarch64-linux-gnu/12/../../../../aarch64-linux-gnu/include"]
  ignore line: [#include "..." search starts here:]
  ignore line: [#include <...> search starts here:]
  ignore line: [ /usr/include/c++/12]
  ignore line: [ /usr/include/aarch64-linux-gnu/c++/12]
  ignore line: [ /usr/include/c++/12/backward]
  ignore line: [ /usr/lib/gcc/aarch64-linux-gnu/12/include]
  ignore line: [ /usr/local/include]
  ignore line: [ /usr/include/aarch64-linux-gnu]
  ignore line: [ /usr/include]
  ignore line: [End of search list.]
  ignore line: [GNU C++17 (Debian 12.2.0-14) version 12.2.0 (aarch64-linux-gnu)]
  ignore line: [	compiled by GNU C version 12.2.0  GMP version 6.2.1  MPFR version 4.1.1-p1  MPC version 1.3.1  isl version isl-0.25-GMP]
  ignore line: []
  ignore line: [warning: MPFR header version 4.1.1-p1 differs from library version 4.2.0.]
  ignore line: [GGC heuristics: --param ggc-min-expand=100 --param ggc-min-heapsize=131072]
  ignore line: [Compiler executable checksum: 76d6f14273b9515783c50374b109b352]
  ignore line: [COLLECT_GCC_OPTIONS='-v' '-o' 'CMakeFiles/cmTC_2dec8.dir/CMakeCXXCompilerABI.cpp.o' '-c' '-shared-libgcc' '-mlittle-endian' '-mabi=lp64' '-dumpdir' 'CMakeFiles/cmTC_2dec8.dir/']
  ignore line: [ as -v -EL -mabi=lp64 -o CMakeFiles/cmTC_2dec8.dir/CMakeCXXCompilerABI.cpp.o /tmp/ccgihLXK.s]
  ignore line: [GNU assembler version 2.40 (aarch64-linux-gnu) using BFD version (GNU Binutils for Debian) 2.40]
  ignore line: [COMPILER_PATH=/usr/lib/gcc/aarch64-linux-gnu/12/:/usr/lib/gcc/aarch64-linux-gnu/12/:/usr/lib/gcc/aarch64-linux-gnu/:/usr/lib/gcc/aarch64-linux-gnu/12/:/usr/lib/gcc/aarch64-linux-gnu/]
  ignore line: [LIBRARY_PATH=/usr/lib/gcc/aarch64-linux-gnu/12/:/usr/lib/gcc/aarch64-linux-gnu/12/../../../aarch64-linux-gnu/:/usr/lib/gcc/aarch64-linux-gnu/12/../../../../lib/:/lib/aarch64-linux-gnu/:/lib/../lib/:/usr/lib/aarch64-linux-gnu/:/usr/lib/../lib/:/usr/lib/gcc/aarch64-linux-gnu/12/../../../:/lib/:/usr/lib/]
  ignore line: [COLLECT_GCC_OPTIONS='-v' '-o' 'CMakeFiles/cmTC_2dec8.dir/CMakeCXXCompilerABI.cpp.o' '-c' '-shared-libgcc' '-mlittle-endian' '-mabi=lp64' '-dumpdir' 'CMakeFiles/cmTC_2dec8.dir/CMakeCXXCompilerABI.cpp.']
  ignore line: [Linking CXX executable cmTC_2dec8]
  ignore line: [/usr/bin/cmake -E cmake_link_script CMakeFiles/cmTC_2dec8.dir/link.txt --verbose=1]
  ignore line: [/usr/bin/c++  -v CMakeFiles/cmTC_2dec8.dir/CMakeCXXCompilerABI.cpp.o -o cmTC_2dec8 ]
  ignore line: [Using built-in specs.]
  ignore line: [COLLECT_GCC=/usr/bin/c++]
  ignore line: [COLLECT_LTO_WRAPPER=/usr/lib/gcc/aarch64-linux-gnu/12/lto-wrapper]
  ignore line: [Target: aarch64-linux-gnu]
  ignore line: [Configured with: ../src/configure -v --with-pkgversion='Debian 12.2.0-14' --with-bugurl=file:///usr/share/doc/gcc-12/README.Bugs --enable-languages=c ada c++ go d fortran objc obj-c++ m2 --prefix=/usr --with-gcc-major-version-only --program-suffix=-12 --program-prefix=aarch64-linux-gnu- --enable-shared --enable-linker-build-id --libexecdir=/usr/lib --without-included-gettext --enable-threads=posix --libdir=/usr/lib --enable-nls --enable-clocale=gnu --enable-libstdcxx-debug --enable-libstdcxx-time=yes --with-default-libstdcxx-abi=new --enable-gnu-unique-object --disable-libquadmath --disable-libquadmath-support --enable-plugin --enable-default-pie --with-system-zlib --enable-libphobos-checking=release --with-target-system-zlib=auto --enable-objc-gc=auto --enable-multiarch --enable-fix-cortex-a53-843419 --disable-werror --enable-checking=release --build=aarch64-linux-gnu --host=aarch64-linux-gnu --target=aarch64-linux-gnu]
  ignore line: [Thread model: posix]
  ignore line: [Supported LTO compression algorithms: zlib zstd]
  ignore line: [gcc version 12.2.0 (Debian 12.2.0-14) ]
  ignore line: [COMPILER_PATH=/usr/lib/gcc/aarch64-linux-gnu/12/:/usr/lib/gcc/aarch64-linux-gnu/12/:/usr/lib/gcc/aarch64-linux-gnu/:/usr/lib/gcc/aarch64-linux-gnu/12/:/usr/lib/gcc/aarch64-linux-gnu/]
  ignore line: [LIBRARY_PATH=/usr/lib/gcc/aarch64-linux-gnu/12/:/usr/lib/gcc/aarch64-linux-gnu/12/../../../aarch64-linux-gnu/:/usr/lib/gcc/aarch64-linux-gnu/12/../../../../lib/:/lib/aarch64-linux-gnu/:/lib/../lib/:/usr/lib/aarch64-linux-gnu/:/usr/lib/../lib/:/usr/lib/gcc/aarch64-linux-gnu/12/../../../:/lib/:/usr/lib/]
  ignore line: [COLLECT_GCC_OPTIONS='-v' '-o' 'cmTC_2dec8' '-shared-libgcc' '-mlittle-endian' '-mabi=lp64' '-dumpdir' 'cmTC_2dec8.']
  link line: [ /usr/lib/gcc/aarch64-linux-gnu/12/collect2 -plugin /usr/lib/gcc/aarch64-linux-gnu/12/liblto_plugin.so -plugin-opt=/usr/lib/gcc/aarch64-linux-gnu/12/lto-wrapper -plugin-opt=-fresolution=/tmp/ccVQ0pg3.res -plugin-opt=-pass-through=-lgcc_s -plugin-opt=-pass-through=-lgcc -plugin-opt=-pass-through=-lc -plugin-opt=-pass-through=-lgcc_s -plugin-opt=-pass-through=-lgcc --build-id --eh-frame-hdr --hash-style=gnu --as-needed -dynamic-linker /lib/ld-linux-aarch64.so.1 -X -EL -maarch64linux --fix-cortex-a53-843419 -pie -o cmTC_2dec8 /usr/lib/gcc/aarch64-linux-gnu/12/../../../aarch64-linux-gnu/Scrt1.o /usr/lib/gcc/aarch64-linux-gnu/12/../../../aarch64-linux-gnu/crti.o /usr/lib/gcc/aarch64-linux-gnu/12/crtbeginS.o -L/usr/lib/gcc/aarch64-linux-gnu/12 -L/usr/lib/gcc/aarch64-linux-gnu/12/../../../aarch64-linux-gnu -L/usr/lib/gcc/aarch64-linux-gnu/12/../../../../lib -L/lib/aarch64-linux-gnu -L/lib/../lib -L/usr/lib/aarch64-linux-gnu -L/usr/lib/../lib -L/usr/lib/gcc/aarch64-linux-gnu/12/../../.. CMakeFiles/cmTC_2dec8.dir/CMakeCXXCompilerABI.cpp.o -lstdc++ -lm -lgcc_s -lgcc -lc -lgcc_s -lgcc /usr/lib/gcc/aarch64-linux-gnu/12/crtendS.o /usr/lib/gcc/aarch64-linux-gnu/12/../../../aarch64-linux-gnu/crtn.o]
    arg [/usr/lib/gcc/aarch64-linux-gnu/12/collect2] ==> ignore
    arg [-plugin] ==> ignore
    arg [/usr/lib/gcc/aarch64-linux-gnu/12/liblto_plugin.so] ==> ignore
    arg [-plugin-opt=/usr/lib/gcc/aarch64-linux-gnu/12/lto-wrapper] ==> ignore
    arg [-plugin-opt=-fresolution=/tmp/ccVQ0pg3.res] ==> ignore
    arg [-plugin-opt=-pass-through=-lgcc_s] ==> ignore
    arg [-plugin-opt=-pass-through=-lgcc] ==> ignore
    arg [-plugin-opt=-pass-through=-lc] ==> ignore
    arg [-plugin-opt=-pass-through=-lgcc_s] ==> ignore
    arg [-plugin-opt=-pass-through=-lgcc] ==> ignore
    arg [--build-id] ==> ignore
    arg [--eh-frame-hdr] ==> ignore
    arg [--hash-style=gnu] ==> ignore
    arg [--as-needed] ==> ignore
    arg [-dynamic-linker] ==> ignore
    arg [/lib/ld-linux-aarch64.so.1] ==> ignore
    arg [-X] ==> ignore
    arg [-EL] ==> ignore
    arg [-maarch64linux] ==> ignore
    arg [--fix-cortex-a53-843419] ==> ignore
    arg [-pie] ==> ignore
    arg [-o] ==> ignore
    arg [cmTC_2dec8] ==> ignore
    arg [/usr/lib/gcc/aarch64-linux-gnu/12/../../../aarch64-linux-gnu/Scrt1.o] ==> obj [/usr/lib/gcc/aarch64-linux-gnu/12/../../../aarch64-linux-gnu/Scrt1.o]
    arg [/usr/lib/gcc/aarch64-linux-gnu/12/../../../aarch64-linux-gnu/crti.o] ==> obj [/usr/lib/gcc/aarch64-linux-gnu/12/../../../aarch64-linux-gnu/crti.o]
    arg [/usr/lib/gcc/aarch64-linux-gnu/12/crtbeginS.o] ==> obj [/usr/lib/gcc/aarch64-linux-gnu/12/crtbeginS.o]
    arg [-L/usr/lib/gcc/aarch64-linux-gnu/12] ==> dir [/usr/lib/gcc/aarch64-linux-gnu/12]
    arg [-L/usr/lib/gcc/aarch64-linux-gnu/12/../../../aarch64-linux-gnu] ==> dir [/usr/lib/gcc/aarch64-linux-gnu/12/../../../aarch64-linux-gnu]
    arg [-L/usr/lib/gcc/aarch64-linux-gnu/12/../../../../lib] ==> dir [/usr/lib/gcc/aarch64-linux-gnu/12/../../../../lib]
    arg [-L/lib/aarch64-linux-gnu] ==> dir [/lib/aarch64-linux-gnu]
    arg [-L/lib/../lib] ==> dir [/lib/../lib]
    arg [-L/usr/lib/aarch64-linux-gnu] ==> dir [/usr/lib/aarch64-linux-gnu]
    arg [-L/usr/lib/../lib] ==> dir [/usr/lib/../lib]
    arg [-L/usr/lib/gcc/aarch64-linux-gnu/12/../../..] ==> dir [/usr/lib/gcc/aarch64-linux-gnu/12/../../..]
    arg [CMakeFiles/cmTC_2dec8.dir/CMakeCXXCompilerABI.cpp.o] ==> ignore
    arg [-lstdc++] ==> lib [stdc++]
    arg [-lm] ==> lib [m]
    arg [-lgcc_s] ==> lib [gcc_s]
    arg [-lgcc] ==> lib [gcc]
    arg [-lc] ==> lib [c]
    arg [-lgcc_s] ==> lib [gcc_s]
    arg [-lgcc] ==> lib [gcc]
    arg [/usr/lib/gcc/aarch64-linux-gnu/12/crtendS.o] ==> obj [/usr/lib/gcc/aarch64-linux-gnu/12/crtendS.o]
    arg [/usr/lib/gcc/aarch64-linux-gnu/12/../../../aarch64-linux-gnu/crtn.o] ==> obj [/usr/lib/gcc/aarch64-linux-gnu/12/../../../aarch64-linux-gnu/crtn.o]
  collapse obj [/usr/lib/gcc/aarch64-linux-gnu/12/../../../aarch64-linux-gnu/Scrt1.o] ==> [/usr/lib/aarch64-linux-gnu/Scrt1.o]
  collapse obj [/usr/lib/gcc/aarch64-linux-gnu/12/../../../aarch64-linux-gnu/crti.o] ==> [/usr/lib/aarch64-linux-gnu/crti.o]
  collapse obj [/usr/lib/gcc/aarch64-linux-gnu/12/../../../aarch64-linux-gnu/crtn.o] ==> [/usr/lib/aarch64-linux-gnu/crtn.o]
  collapse library dir [/usr/lib/gcc/aarch64-linux-gnu/12] ==> [/usr/lib/gcc/aarch64-linux-gnu/12]
  collapse library dir [/usr/lib/gcc/aarch64-linux-gnu/12/../../../aarch64-linux-gnu] ==> [/usr/lib/aarch64-linux-gnu]
  collapse library dir [/usr/lib/gcc/aarch64-linux-gnu/12/../../../../lib] ==> [/usr/lib]
  collapse library dir [/lib/aarch64-linux-gnu] ==> [/lib/aarch64-linux-gnu]
  collapse library dir [/lib/../lib] ==> [/lib]
  collapse library dir [/usr/lib/aarch64-linux-gnu] ==> [/usr/lib/aarch64-linux-gnu]
  collapse library dir [/usr/lib/../lib] ==> [/usr/lib]
  collapse library dir [/usr/lib/gcc/aarch64-linux-gnu/12/../../..] ==> [/usr/lib]
  implicit libs: [stdc++;m;gcc_s;gcc;c;gcc_s;gcc]
  implicit objs: [/usr/lib/aarch64-linux-gnu/Scrt1.o;/usr/lib/aarch64-linux-gnu/crti.o;/usr/lib/gcc/aarch64-linux-gnu/12/crtbeginS.o;/usr/lib/gcc/aarch64-linux-gnu/12/crtendS.o;/usr/lib/aarch64-linux-gnu/crtn.o]
  implicit dirs: [/usr/lib/gcc/aarch64-linux-gnu/12;/usr/lib/aarch64-linux-gnu;/usr/lib;/lib/aarch64-linux-gnu;/lib]
  implicit fwks: []


Determining if the include file unistd.h exists passed with the following output:
Change Dir: /home/pi/Workspace/Blockchain/Chesscoin-Dev-raspberry-pi5/src/leveldb-rpi/CMakeFiles/CMakeScratch/TryCompile-o6yDcD

Run Build Command(s):/usr/bin/gmake -f Makefile cmTC_4dbcc/fast && /usr/bin/gmake  -f CMakeFiles/cmTC_4dbcc.dir/build.make CMakeFiles/cmTC_4dbcc.dir/build
gmake[1]: Entering directory '/home/pi/Workspace/Blockchain/Chesscoin-Dev-raspberry-pi5/src/leveldb-rpi/CMakeFiles/CMakeScratch/TryCompile-o6yDcD'
Building C object CMakeFiles/cmTC_4dbcc.dir/CheckIncludeFile.c.o
/usr/bin/cc   -std=c11 -o CMakeFiles/cmTC_4dbcc.dir/CheckIncludeFile.c.o -c /home/pi/Workspace/Blockchain/Chesscoin-Dev-raspberry-pi5/src/leveldb-rpi/CMakeFiles/CMakeScratch/TryCompile-o6yDcD/CheckIncludeFile.c
Linking C executable cmTC_4dbcc
/usr/bin/cmake -E cmake_link_script CMakeFiles/cmTC_4dbcc.dir/link.txt --verbose=1
/usr/bin/cc CMakeFiles/cmTC_4dbcc.dir/CheckIncludeFile.c.o -o cmTC_4dbcc 
gmake[1]: Leaving directory '/home/pi/Workspace/Blockchain/Chesscoin-Dev-raspberry-pi5/src/leveldb-rpi/CMakeFiles/CMakeScratch/TryCompile-o6yDcD'



Determining if the fdatasync exist passed with the following output:
Change Dir: /home/pi/Workspace/Blockchain/Chesscoin-Dev-raspberry-pi5/src/leveldb-rpi/CMakeFiles/CMakeScratch/TryCompile-p5M27B

Run Build Command(s):/usr/bin/gmake -f Makefile cmTC_753d5/fast && /usr/bin/gmake  -f CMakeFiles/cmTC_753d5.dir/build.make CMakeFiles/cmTC_753d5.dir/build
gmake[1]: Entering directory '/home/pi/Workspace/Blockchain/Chesscoin-Dev-raspberry-pi5/src/leveldb-rpi/CMakeFiles/CMakeScratch/TryCompile-p5M27B'
Building CXX object CMakeFiles/cmTC_753d5.dir/CheckSymbolExists.cxx.o
/usr/bin/c++   -std=c++11 -o CMakeFiles/cmTC_753d5.dir/CheckSymbolExists.cxx.o -c /home/pi/Workspace/Blockchain/Chesscoin-Dev-raspberry-pi5/src/leveldb-rpi/CMakeFiles/CMakeScratch/TryCompile-p5M27B/CheckSymbolExists.cxx
Linking CXX executable cmTC_753d5
/usr/bin/cmake -E cmake_link_script CMakeFiles/cmTC_753d5.dir/link.txt --verbose=1
/usr/bin/c++ CMakeFiles/cmTC_753d5.dir/CheckSymbolExists.cxx.o -o cmTC_753d5 
gmake[1]: Leaving directory '/home/pi/Workspace/Blockchain/Chesscoin-Dev-raspberry-pi5/src/leveldb-rpi/CMakeFiles/CMakeScratch/TryCompile-p5M27B'


File CheckSymbolExists.cxx:
/* */
#include <unistd.h>

int main(int argc, char** argv)
{
  (void)argv;
#ifndef fdatasync
  return ((int*)(&fdatasync))[argc];
#else
  (void)argc;
  return 0;
#endif
}
Performing C++ SOURCE FILE Test HAVE_CXX17_HAS_INCLUDE succeeded with the following output:
Change Dir: /home/pi/Workspace/Blockchain/Chesscoin-Dev-raspberry-pi5/src/leveldb-rpi/CMakeFiles/CMakeScratch/TryCompile-GaJhKd

Run Build Command(s):/usr/bin/gmake -f Makefile cmTC_d011b/fast && /usr/bin/gmake  -f CMakeFiles/cmTC_d011b.dir/build.make CMakeFiles/cmTC_d011b.dir/build
gmake[1]: Entering directory '/home/pi/Workspace/Blockchain/Chesscoin-Dev-raspberry-pi5/src/leveldb-rpi/CMakeFiles/CMakeScratch/TryCompile-GaJhKd'
Building CXX object CMakeFiles/cmTC_d011b.dir/src.cxx.o
/usr/bin/c++ -DHAVE_CXX17_HAS_INCLUDE  -std=c++11 -o CMakeFiles/cmTC_d011b.dir/src.cxx.o -c /home/pi/Workspace/Blockchain/Chesscoin-Dev-raspberry-pi5/src/leveldb-rpi/CMakeFiles/CMakeScratch/TryCompile-GaJhKd/src.cxx
Linking CXX executable cmTC_d011b
/usr/bin/cmake -E cmake_link_script CMakeFiles/cmTC_d011b.dir/link.txt --verbose=1
/usr/bin/c++ CMakeFiles/cmTC_d011b.dir/src.cxx.o -o cmTC_d011b 
gmake[1]: Leaving directory '/home/pi/Workspace/Blockchain/Chesscoin-Dev-raspberry-pi5/src/leveldb-rpi/CMakeFiles/CMakeScratch/TryCompile-GaJhKd'


Source file was:

#if defined(__has_include) &&  __has_include(<string>)
#include <string>
#endif
int main() { std::string str; return 0; }


Performing C SOURCE FILE Test CMAKE_HAVE_LIBC_PTHREAD succeeded with the following output:
Change Dir: /home/pi/Workspace/Blockchain/Chesscoin-Dev-raspberry-pi5/src/leveldb-rpi/CMakeFiles/CMakeScratch/TryCompile-3aY7Mu

Run Build Command(s):/usr/bin/gmake -f Makefile cmTC_22466/fast && /usr/bin/gmake  -f CMakeFiles/cmTC_22466.dir/build.make CMakeFiles/cmTC_22466.dir/build
gmake[1]: Entering directory '/home/pi/Workspace/Blockchain/Chesscoin-Dev-raspberry-pi5/src/leveldb-rpi/CMakeFiles/CMakeScratch/TryCompile-3aY7Mu'
Building C object CMakeFiles/cmTC_22466.dir/src.c.o
/usr/bin/cc -DCMAKE_HAVE_LIBC_PTHREAD  -std=c11 -o CMakeFiles/cmTC_22466.dir/src.c.o -c /home/pi/Workspace/Blockchain/Chesscoin-Dev-raspberry-pi5/src/leveldb-rpi/CMakeFiles/CMakeScratch/TryCompile-3aY7Mu/src.c
Linking C executable cmTC_22466
/usr/bin/cmake -E cmake_link_script CMakeFiles/cmTC_22466.dir/link.txt --verbose=1
/usr/bin/cc CMakeFiles/cmTC_22466.dir/src.c.o -o cmTC_22466 
gmake[1]: Leaving directory '/home/pi/Workspace/Blockchain/Chesscoin-Dev-raspberry-pi5/src/leveldb-rpi/CMakeFiles/CMakeScratch/TryCompile-3aY7Mu'


Source file was:
#include <pthread.h>

static void* test_func(void* data)
{
  return data;
}

int main(void)
{
  pthread_t thread;
  pthread_create(&thread, NULL, test_func, NULL);
  pthread_detach(thread);
  pthread_cancel(thread);
  pthread_join(thread, NULL);
  pthread_atfork(NULL, NULL, NULL);
  pthread_exit(NULL);

  return 0;
}


